t,seq,frame_age_ms,distance_m,face_raw,crop_ok,face_bbox_w,face_bbox_h,faceid_score,face_auth,embed_ms,battery,segment
1789899074.095171,1159,11.01,0.5,1,1,283,282,0.2658,0,7.593,100.0,1
1789899074.125085,1160,8.01,0.5,1,1,283,282,0.3763,0,7.6,100.0,1
1789899074.1569996,1161,4.02,0.5,1,1,283,282,0.3759,0,7.53,100.0,1
1789899074.218859,1162,1.02,0.5,1,1,283,282,0.2499,0,8.248,100.0,1
1789899074.2497165,1163,1.0,0.5,1,1,283,282,0.201,0,8.111,100.0,1
1789899074.2957299,1164,13.1,0.5,1,1,283,282,0.2008,0,8.54,100.0,1
1789899074.326544,1165,8.01,0.5,1,0,283,282,,,,100.0,1
1789899074.3889544,1166,6.94,0.5,1,0,283,282,,,,100.0,1
1789899074.4201677,1167,3.99,0.5,1,0,283,282,,,,100.0,1
1789899074.450701,1168,0.0,0.5,1,1,376,376,0.1957,0,8.744,100.0,1
1789899074.4975746,1169,13.96,0.5,1,1,376,376,0.1768,0,8.683,100.0,1
1789899074.5584123,1170,5.98,0.5,1,1,376,376,0.1287,0,6.385,100.0,1
1789899074.621794,1172,3.03,0.5,1,1,376,376,0.5161,0,6.457,100.0,1
1789899074.6536658,1173,2.99,0.5,1,1,376,376,0.7403,1,7.635,100.0,1
1789899074.7303236,1174,12.96,0.5,1,1,376,376,0.7279,1,8.364,100.0,1
1789899074.7772024,1175,8.98,0.5,1,1,376,376,0.7536,1,7.071,100.0,1
1789899074.7921631,1176,8.98,0.5,1,1,376,376,0.7496,1,9.601,100.0,1
1789899074.8230803,1177,1.99,0.5,1,0,376,376,,,,100.0,1
1789899074.8849473,1178,4.02,0.5,1,0,376,376,,,,100.0,1
1789899074.9309828,1179,9.05,0.5,1,0,376,376,,,,100.0,1
1789899074.9639466,1180,15.07,0.5,1,1,382,382,0.6917,1,10.627,100.0,1
1789899075.009991,1181,4.98,0.5,1,1,382,382,0.7224,1,9.623,100.0,1
1789899075.0558999,1182,2.03,0.5,1,1,382,382,0.7827,1,7.97,100.0,1
1789899075.0867834,1183,5.98,0.5,1,1,382,382,0.7659,1,8.398,100.0,1
1789899075.1182067,1184,4.99,0.5,1,1,382,382,0.7013,1,8.503,100.0,1
1789899075.1640828,1185,5.98,0.5,1,1,382,382,0.6985,1,7.38,100.0,1
1789899075.2259204,1186,7.98,0.5,1,1,382,382,0.5938,1,6.227,100.0,1
1789899075.2717948,1187,12.96,0.5,1,1,382,382,0.4801,1,6.29,100.0,1
1789899075.2877522,1188,5.98,0.5,1,1,382,382,0.3998,1,8.273,100.0,1
1789899075.319175,1189,1.0,0.5,1,0,382,382,,,,100.0,1
1789899075.3962615,1190,13.65,0.5,1,0,382,382,,,,100.0,1
1789899075.4277282,1191,5.09,0.5,1,0,382,382,,,,100.0,1
1789899075.4601712,1192,8.77,0.5,1,1,367,367,0.4897,1,8.953,100.0,1
1789899075.5052905,1193,1.0,0.5,1,1,367,367,0.4852,1,10.335,100.0,1
1789899075.5833435,1194,9.95,0.5,1,1,367,367,0.4835,1,6.604,100.0,1
1789899075.5993063,1196,6.98,0.5,1,1,367,367,0.5008,1,6.288,100.0,1
1789899075.6611454,1197,9.98,0.5,1,1,367,367,0.4856,1,7.127,100.0,1
1789899075.7225611,1198,7.15,0.5,1,1,367,367,0.4928,1,10.024,100.0,1
1789899075.7853415,1200,1.0,0.5,1,1,367,367,0.4582,1,10.249,100.0,1
1789899075.8602886,1201,5.12,0.5,1,0,367,367,,,,100.0,1
1789899075.8918774,1202,11.64,0.5,1,0,367,367,,,,100.0,1
1789899075.954595,1204,5.52,0.5,1,1,329,328,0.6954,1,7.929,100.0,1
1789899076.0159373,1205,1.0,0.5,1,1,329,328,0.6893,1,8.112,100.0,1
1789899076.0777717,1206,13.96,0.5,1,1,329,328,0.6093,1,8.364,100.0,1
1789899076.094245,1207,13.48,0.5,1,1,329,328,0.5863,1,9.066,100.0,1
1789899076.1261513,1208,11.97,0.5,1,1,329,328,0.5872,1,8.932,100.0,1
1789899076.186987,1209,0.0,0.5,1,1,329,328,0.6406,1,7.445,100.0,1
1789899076.2624972,1211,5.6,0.5,1,1,329,328,0.6068,1,8.625,100.0,1
1789899076.3253205,1212,1.99,0.5,1,0,329,328,,,,100.0,1
1789899076.3332996,1213,1.99,0.5,1,0,329,328,,,,100.0,1
1789899076.3865805,1214,5.52,0.5,1,0,329,328,,,,100.0,1
1789899076.4341066,1215,8.68,0.5,1,0,329,328,,,,100.0,1
1789899076.4501703,1216,2.99,0.5,1,1,307,307,0.733,1,8.699,100.0,1
1789899076.4968698,1217,0.68,0.5,1,1,307,307,0.7373,1,6.339,100.0,1
1789899076.5262985,1218,14.96,0.5,1,1,307,307,0.8053,1,8.212,100.0,1
1789899076.588133,1219,10.97,0.5,1,1,307,307,0.8028,1,6.21,100.0,1
1789899076.633014,1220,2.0,0.5,1,1,307,307,0.7695,1,8.689,100.0,1
1789899076.6509666,1221,3.99,0.5,1,1,307,307,0.7746,1,8.037,100.0,1
1789899076.7098086,1222,7.98,0.5,1,1,307,307,0.7563,1,7.506,100.0,1
1789899076.7706957,1223,2.04,0.5,1,1,307,307,0.7304,1,6.945,100.0,1
1789899076.7866025,1224,7.98,0.5,1,1,307,307,0.7134,1,6.252,100.0,1
1789899076.816523,1225,2.0,0.5,1,0,307,307,,,,100.0,1
1789899076.8777413,1226,10.93,0.5,1,0,307,307,,,,100.0,1
1789899076.938841,1227,1.04,0.5,1,0,307,307,,,,100.0,1
1789899076.9555573,1228,4.82,0.5,1,1,318,318,0.6822,1,9.009,100.0,1
1789899077.0163627,1230,1.0,0.5,1,1,318,318,0.6868,1,7.463,100.0,1
1789899077.1093686,1231,1.99,0.5,1,1,318,318,0.6905,1,8.846,100.0,1
1789899077.1273203,1232,11.97,0.5,1,1,318,318,0.7018,1,9.935,100.0,1
1789899077.2486196,1233,2.0,0.5,1,1,318,318,0.6925,1,11.702,100.0,1
1789899077.272523,1235,15.96,0.5,1,1,318,318,0.6653,1,10.958,100.0,1
1789899077.2944658,1236,13.96,0.5,1,1,318,318,0.6524,1,10.594,100.0,1
1789899077.3710842,1238,5.73,0.5,1,0,318,318,,,,100.0,1
1789899077.4180038,1239,1.0,0.5,1,0,318,318,,,,100.0,1
1789899077.509737,1241,12.78,0.5,1,0,318,318,,,,100.0,1
1789899077.5196707,1242,3.0,0.5,1,0,318,318,,,,100.0,1
1789899077.6198006,1244,10.67,0.5,1,1,307,307,0.8145,1,7.698,100.0,1
1789899077.6806686,1246,2.03,0.5,1,1,307,307,0.8202,1,7.554,100.0,1
1789899077.7584329,1247,11.21,0.5,1,1,307,307,0.8192,1,8.387,100.0,1
1789899077.7783837,1248,0.0,0.5,1,1,307,307,0.8253,1,7.313,100.0,1
1789899077.850466,1250,3.38,0.5,1,1,307,307,0.812,1,6.256,100.0,1
1789899077.9129982,1251,1.0,0.5,1,1,307,307,0.8101,1,6.409,100.0,1
1789899077.9908605,1252,9.83,0.5,1,0,307,307,,,,100.0,1
1789899078.0008755,1253,9.01,0.5,1,0,307,307,,,,100.0,1
1789899078.0211275,1254,6.3,0.5,1,0,307,307,,,,100.0,1
1789899078.0851264,1255,2.0,0.5,1,0,307,307,,,,100.0,1
1789899078.1617723,1257,12.58,0.5,1,0,307,307,,,,100.0,1
1789899078.192817,1258,14.09,0.5,1,0,307,307,,,,100.0,1
1789899078.2715962,1259,3.99,0.5,1,0,307,307,,,,100.0,1
1789899078.285508,1260,5.15,0.5,1,1,308,308,0.8101,1,7.546,100.0,1
1789899078.3478956,1261,12.0,0.5,1,1,308,308,0.8124,1,7.697,100.0,1
1789899078.362821,1262,12.96,0.5,1,1,308,308,0.7944,1,7.527,100.0,1
1789899078.4247057,1263,8.03,0.5,1,1,308,308,0.809,1,6.414,100.0,1
1789899078.4866078,1265,7.1,0.5,1,1,308,308,0.8072,1,6.167,100.0,1
1789899078.5482798,1266,5.31,0.5,1,1,308,308,0.8158,1,8.026,100.0,1
1789899078.6111226,1267,0.0,0.5,1,1,308,308,0.8049,1,7.202,100.0,1
1789899078.6260765,1268,9.97,0.5,1,1,308,308,0.8052,1,6.358,100.0,1
1789899078.6569934,1269,6.98,0.5,1,0,308,308,,,,100.0,1
1789899078.7190862,1270,10.09,0.5,1,0,308,308,,,,100.0,1
1789899078.7814996,1271,2.99,0.5,1,0,308,308,,,,100.0,1
1789899078.7915149,1272,8.98,0.5,1,0,308,308,,,,100.0,1
1789899078.8601718,1274,9.89,0.5,1,0,308,308,,,,100.0,1
1789899078.9669945,1276,11.19,0.5,1,1,314,314,0.7105,1,6.598,100.0,1
1789899079.0288653,1278,5.02,0.5,1,1,314,314,0.7101,1,7.378,100.0,1
1789899079.0920517,1279,1.03,0.5,1,1,314,314,0.7075,1,6.673,100.0,1
1789899079.1239157,1280,6.98,0.5,1,1,314,314,0.6985,1,6.57,100.0,1
1789899079.1538348,1281,7.98,0.5,1,1,314,314,0.7026,1,6.053,100.0,1
1789899079.2007093,1282,9.97,0.5,1,1,314,314,0.697,1,6.294,100.0,1
1789899079.2624187,1283,3.36,0.5,1,1,314,314,0.7206,1,6.157,100.0,1
1789899079.293381,1284,11.01,0.5,1,1,314,314,0.7199,1,8.322,100.0,1
1789899079.3397806,1285,11.97,0.5,1,0,314,314,,,,100.0,1
1789899079.351749,1286,5.98,0.5,1,0,314,314,,,,100.0,1
1789899079.4166086,1287,2.03,0.5,1,0,314,314,,,,100.0,1
1789899079.4803693,1288,15.59,0.5,1,1,320,320,0.7274,1,6.7,100.0,1
1789899079.501442,1289,21.07,0.5,1,1,320,320,0.7324,1,7.883,100.0,1
1789899079.5408444,1290,1.0,0.5,1,1,320,320,0.7297,1,8.343,100.0,1
1789899079.587719,1291,3.99,0.5,1,1,320,320,0.7033,1,9.033,100.0,1
1789899079.6345925,1292,4.99,0.5,1,1,320,320,0.7115,1,7.911,100.0,1
1789899079.6645489,1293,12.0,0.5,1,1,320,320,0.6972,1,7.494,100.0,1
1789899079.7113883,1294,11.97,0.5,1,1,320,320,0.6955,1,7.856,100.0,1
1789899079.7742457,1295,5.01,0.5,1,1,320,320,0.7061,1,7.063,100.0,1
1789899079.789205,1296,10.96,0.5,1,1,320,320,0.6957,1,8.444,100.0,1
1789899079.8201218,1297,1.0,0.5,1,1,320,320,0.6876,1,8.485,100.0,1
1789899079.88196,1298,6.98,0.5,1,0,320,320,,,,100.0,1
1789899079.959528,1300,11.12,0.5,1,1,320,320,0.704,1,8.929,100.0,1
1789899080.0202005,1302,2.0,0.5,1,1,320,320,0.7602,1,8.608,100.0,1
1789899080.112876,1303,1.05,0.5,1,1,320,320,0.7351,1,9.211,100.0,1
1789899080.133795,1304,15.98,0.5,1,1,320,320,0.7556,1,11.424,100.0,1
1789899080.1906471,1306,9.0,0.5,1,1,320,320,0.7621,1,7.935,100.0,1
1789899080.2525034,1307,6.03,0.5,1,1,320,320,0.7787,1,7.945,100.0,1
1789899080.330147,1309,2.04,0.5,1,0,320,320,,,,100.0,1
1789899080.3910954,1310,3.76,0.5,1,0,320,320,,,,100.0,1
1789899080.4696288,1312,11.77,0.5,1,0,320,320,,,,100.0,1
1789899080.4864066,1313,3.02,0.5,1,0,320,320,,,,100.0,1
1789899080.563546,1314,7.68,0.5,1,0,320,320,,,,100.0,1
1789899080.6249392,1315,2.0,0.5,1,0,320,320,,,,100.0,1
1789899080.6349113,1316,8.98,0.5,1,1,319,319,0.8063,1,8.808,100.0,1
1789899080.7020397,1318,8.98,0.5,1,1,319,319,0.8075,1,6.384,100.0,1
1789899080.7479162,1319,1.0,0.5,1,1,319,319,0.7948,1,6.09,100.0,1
1789899080.811017,1320,14.23,0.5,1,1,319,319,0.7573,1,8.177,100.0,1
1789899080.8279395,1321,16.92,0.5,1,1,319,319,0.7461,1,6.161,100.0,1
1789899080.8718197,1322,6.98,0.5,1,1,319,319,0.7513,1,8.668,100.0,1
1789899080.949946,1323,14.79,0.5,1,1,319,319,0.7583,1,8.643,100.0,1
1789899080.968862,1324,18.92,0.5,1,1,319,319,0.757,1,8.933,100.0,1
1789899080.986816,1325,2.99,0.5,1,0,319,319,,,,100.0,1
1789899081.0418427,1326,9.58,0.5,1,0,319,319,,,,100.0,1
1789899081.1041577,1327,2.99,0.5,1,0,319,319,,,,100.0,1
1789899081.1339443,1328,12.89,0.5,1,1,296,296,0.8505,1,8.821,100.0,1
1789899081.1956904,1330,11.0,0.5,1,1,296,296,0.8592,1,7.633,100.0,1
1789899081.2575462,1331,10.02,0.5,1,1,296,296,0.86,1,6.181,100.0,1
1789899081.2884133,1332,5.98,0.5,1,1,296,296,0.857,1,6.014,100.0,1
1789899081.3198354,1333,2.99,0.5,1,1,296,296,0.8616,1,6.28,100.0,1
1789899081.3502607,1334,2.99,0.5,1,1,296,296,0.8618,1,9.433,100.0,1
1789899081.4280856,1335,13.0,0.5,1,1,296,296,0.861,1,7.169,100.0,1
1789899081.4579725,1336,10.97,0.5,1,1,296,296,0.8505,1,9.723,100.0,1
1789899081.4898887,1337,7.98,0.5,1,0,296,296,,,,100.0,1
1789899081.5198069,1338,0.0,0.5,1,0,296,296,,,,100.0,1
1789899081.5822935,1339,1.01,0.5,1,0,296,296,,,,100.0,1
1789899081.597731,1340,3.48,0.5,1,1,306,306,0.8536,1,11.8,100.0,1
1789899081.659592,1341,12.0,0.5,1,1,306,306,0.8382,1,6.461,100.0,1
1789899081.6914768,1342,14.96,0.5,1,1,306,306,0.832,1,8.678,100.0,1
1789899081.7529202,1343,1.03,0.5,1,1,306,306,0.8535,1,6.27,100.0,1
1789899081.7838037,1344,6.98,0.5,1,1,306,306,0.8589,1,6.73,100.0,1
1789899081.8297136,1345,13.0,0.5,1,1,306,306,0.8566,1,8.077,100.0,1
1789899081.8605983,1346,4.99,0.5,1,1,306,306,0.8116,1,7.887,100.0,1
1789899081.9229422,1347,3.0,0.5,1,1,306,306,0.7622,1,6.185,100.0,1
1789899081.953369,1348,5.98,0.5,1,0,306,306,,,,100.0,1
1789899081.9849164,1349,5.62,0.5,1,0,306,306,,,,100.0,1
1789899082.0162258,1350,1.99,0.5,1,0,306,306,,,,100.0,1
1789899082.092623,1351,10.82,0.5,1,0,306,306,,,,100.0,1
1789899082.125288,1352,10.04,0.5,1,1,304,304,0.8219,1,8.802,100.0,1
1789899082.1537366,1353,5.98,0.5,1,1,304,304,0.8189,1,10.268,100.0,1
1789899082.1866486,1354,5.98,0.5,1,1,304,304,0.8065,1,9.002,100.0,1
1789899082.2638652,1355,13.09,0.5,1,1,304,304,0.8021,1,8.409,100.0,1
1789899082.2838457,1356,3.02,0.5,1,1,304,304,0.8348,1,9.651,100.0,1
1789899082.326313,1357,11.58,0.5,1,1,304,304,0.8446,1,7.955,100.0,1
1789899082.3568165,1358,8.02,0.5,1,1,304,304,0.8386,1,6.096,100.0,1
1789899082.4339318,1359,14.28,0.5,1,1,304,304,0.7633,1,8.501,100.0,1
1789899082.454882,1360,5.99,0.5,1,1,304,304,0.756,1,7.62,100.0,1
1789899082.4958072,1361,14.0,0.5,1,0,304,304,,,,100.0,1
1789899082.5258656,1362,9.15,0.5,1,0,304,304,,,,100.0,1
1789899082.5879335,1363,2.99,0.5,1,0,304,304,,,,100.0,1
1789899082.5979056,1364,5.98,0.5,1,1,306,306,0.8069,1,9.534,100.0,1
1789899082.6487706,1365,2.99,0.5,1,1,306,306,0.7861,1,8.277,100.0,1
1789899082.679719,1366,1.03,0.5,1,1,306,306,0.8133,1,7.986,100.0,1
1789899082.757287,1367,9.21,0.5,1,1,306,306,0.8494,1,10.52,100.0,1
1789899082.7892394,1368,8.01,0.5,1,1,306,306,0.854,1,7.951,100.0,1
1789899082.8191528,1369,6.01,0.5,1,1,306,306,0.8627,1,8.139,100.0,1
1789899082.8500805,1370,2.03,0.5,1,1,306,306,0.8595,1,8.426,100.0,1
1789899082.925892,1371,12.15,0.5,1,1,306,306,0.7657,1,8.584,100.0,1
1789899082.9573262,1372,10.97,0.5,1,0,306,306,,,,100.0,1
1789899082.988828,1373,10.01,0.5,1,0,306,306,,,,100.0,1
1789899083.0190814,1374,6.26,0.5,1,0,306,306,,,,100.0,1
1789899083.0818658,1375,1.0,0.5,1,0,306,306,,,,100.0,1
1789899083.1278698,1376,12.64,0.5,1,1,300,300,0.7988,1,6.463,100.0,1
1789899083.158297,1377,9.97,0.5,1,1,300,300,0.8292,1,7.84,100.0,1
1789899083.1902115,1378,7.98,0.5,1,1,300,300,0.8452,1,9.285,100.0,1
1789899083.2510476,1379,4.99,0.5,1,1,300,300,0.8598,1,8.979,100.0,1
1789899083.2819893,1380,2.02,0.5,1,1,300,300,0.8492,1,8.918,100.0,1
1789899083.3283503,1381,11.48,0.5,1,1,300,300,0.8602,1,8.636,100.0,1
1789899083.3473,1382,1.0,0.5,1,1,300,300,0.8577,1,8.319,100.0,1
1789899083.4193153,1383,1.0,0.5,1,1,300,300,0.8457,1,7.37,100.0,1
1789899083.4661894,1384,13.96,0.5,1,1,300,300,0.85,1,7.613,100.0,1
1789899083.4971416,1385,14.99,0.5,1,0,300,300,,,,100.0,1
1789899083.5286312,1386,12.58,0.5,1,0,300,300,,,,100.0,1
1789899083.5903227,1388,0.0,0.5,1,1,301,301,0.7361,1,8.7,100.0,1
1789899083.651708,1389,4.02,0.5,1,1,301,301,0.7106,1,6.143,100.0,1
1789899083.683627,1390,2.03,0.5,1,1,301,301,0.7159,1,6.37,100.0,1
1789899083.7610288,1391,13.16,0.5,1,1,301,301,0.7345,1,8.493,100.0,1
1789899083.7929454,1392,9.97,0.5,1,1,301,301,0.7398,1,6.257,100.0,1
1789899083.822866,1393,7.98,0.5,1,1,301,301,0.7418,1,7.548,100.0,1
1789899083.8537831,1394,4.99,0.5,1,1,301,301,0.751,1,7.362,100.0,1
1789899083.9156675,1395,3.04,0.5,1,1,301,301,0.7291,1,6.235,100.0,1
1789899083.947526,1396,1.48,0.5,1,0,301,301,,,,100.0,1
1789899083.9939823,1397,11.35,0.5,1,0,301,301,,,,100.0,1
1789899084.0242302,1398,8.61,0.5,1,0,301,301,,,,100.0,1
1789899084.088093,1399,3.77,0.5,1,0,301,301,,,,100.0,1
1789899084.1325235,1400,4.99,0.5,1,1,298,298,0.868,1,9.405,100.0,1
1789899084.158968,1401,7.98,0.5,1,1,298,298,0.8594,1,7.796,100.0,1
1789899084.194874,1402,12.97,0.5,1,1,298,298,0.8721,1,7.528,100.0,1
1789899084.2548,1403,5.07,0.5,1,1,298,298,0.8683,1,6.227,100.0,1
1789899084.2856307,1404,4.99,0.5,1,1,298,298,0.8631,1,7.539,100.0,1
1789899084.3165467,1405,2.99,0.5,1,1,298,298,0.8794,1,7.826,100.0,1
1789899084.3634348,1406,14.46,0.5,1,1,298,298,0.872,1,7.366,100.0,1
1789899084.4242768,1407,10.98,0.5,1,1,298,298,0.8617,1,6.406,100.0,1
1789899084.4551883,1408,8.98,0.5,1,1,298,298,0.8673,1,6.066,100.0,1
1789899084.485108,1409,3.99,0.5,1,0,298,298,,,,100.0,1
1789899084.516612,1410,3.07,0.5,1,0,298,298,,,,100.0,1
1789899084.5948217,1412,1.99,0.5,1,1,300,300,0.8652,1,7.379,100.0,1
1789899084.6566257,1413,12.96,0.5,1,1,300,300,0.86,1,7.778,100.0,1
1789899084.6875448,1414,5.98,0.5,1,1,300,300,0.8707,1,7.888,100.0,1
1789899084.7498817,1415,1.0,0.5,1,1,300,300,0.849,1,6.185,100.0,1
1789899084.7967563,1416,13.96,0.5,1,1,300,300,0.8205,1,8.5,100.0,1
1789899084.8276737,1417,11.97,0.5,1,1,300,300,0.8007,1,8.201,100.0,1
1789899084.8575933,1418,6.98,0.5,1,1,300,300,0.795,1,6.957,100.0,1
1789899084.9197512,1419,4.31,0.5,1,1,300,300,0.7794,1,7.825,100.0,1
1789899084.9511802,1420,2.99,0.5,1,0,300,300,,,,100.0,1
1789899084.9816036,1421,3.99,0.5,1,0,300,300,,,,100.0,1
1789899085.0276287,1422,10.7,0.5,1,0,300,300,,,,100.0,1
1789899085.0584047,1423,7.77,0.5,1,0,300,300,,,,100.0,1
1789899085.1197736,1424,3.08,0.5,1,1,321,321,0.8117,1,8.919,100.0,1
1789899085.1512012,1425,1.0,0.5,1,1,321,321,0.8083,1,11.604,100.0,1
1789899085.1826532,1426,1.02,0.5,1,1,321,321,0.8123,1,8.199,100.0,1
1789899085.2295296,1427,13.0,0.5,1,1,321,321,0.8077,1,7.757,100.0,1
1789899085.2913861,1428,12.02,0.5,1,1,321,321,0.8146,1,6.256,100.0,1
1789899085.3222518,1429,8.98,0.5,1,1,321,321,0.7325,1,6.266,100.0,1
1789899085.3541677,1430,6.98,0.5,1,1,321,321,0.7516,1,10.298,100.0,1
1789899085.3846343,1431,2.99,0.5,1,1,321,321,0.7254,1,12.78,100.0,1
1789899085.4613955,1432,9.97,0.5,1,1,321,321,0.718,1,11.363,100.0,1
1789899085.4853334,1433,4.99,0.5,1,0,321,321,,,,100.0,1
1789899085.523839,1434,10.97,0.5,1,0,321,321,,,,100.0,1
1789899085.5550568,1435,8.73,0.5,1,0,321,321,,,,100.0,1
1789899085.602431,1436,10.97,0.5,1,1,321,321,0.7802,1,9.613,100.0,1
1789899085.6488802,1437,2.99,0.5,1,1,321,321,0.7783,1,12.107,100.0,1
1789899085.6947901,1438,14.99,0.5,1,1,321,321,0.7785,1,10.797,100.0,1
1789899085.7182875,1439,5.0,0.5,1,1,321,321,0.779,1,13.238,100.0,1
1789899085.788704,1440,7.02,0.5,1,1,321,321,0.7813,1,11.785,100.0,1
1789899085.8126388,1441,2.03,0.5,1,1,321,321,0.7796,1,13.722,100.0,1
1789899085.8521447,1442,5.98,0.5,1,1,321,321,0.7602,1,13.728,100.0,1
1789899085.8820956,1443,3.02,0.5,1,1,321,321,0.7612,1,13.175,100.0,1
1789899085.9590378,1444,11.56,0.5,1,0,321,321,,,,100.0,1
1789899085.9909298,1445,12.78,0.5,1,0,321,321,,,,100.0,1
1789899086.0218768,1446,11.05,0.5,1,0,321,321,,,,100.0,1
1789899086.0522883,1447,6.37,0.5,1,0,321,321,,,,100.0,1
1789899086.114384,1448,3.51,0.5,1,1,314,314,0.8063,1,9.182,100.0,1
1789899086.160333,1449,13.0,0.5,1,1,314,314,0.7994,1,8.84,100.0,1
1789899086.192222,1450,9.98,0.5,1,1,314,314,0.8018,1,12.292,100.0,1
1789899086.217147,1451,2.0,0.5,1,1,314,314,0.8006,1,13.136,100.0,1
1789899086.2829697,1452,1.99,0.5,1,1,314,314,0.7962,1,11.251,100.0,1
1789899086.329844,1453,13.96,0.5,1,1,314,314,0.7988,1,10.617,100.0,1
1789899086.3527837,1454,2.99,0.5,1,1,314,314,0.804,1,12.374,100.0,1
1789899086.391194,1455,2.99,0.5,1,1,314,314,0.806,1,11.209,100.0,1
1789899086.4530287,1456,3.99,0.5,1,1,314,314,0.804,1,12.052,100.0,1
1789899086.4989402,1457,12.96,0.5,1,0,314,314,,,,100.0,1
1789899086.5298579,1458,14.0,0.5,1,0,314,314,,,,100.0,1
1789899086.5617352,1459,14.33,0.5,1,0,314,314,,,,100.0,1
1789899086.5932088,1460,4.07,0.5,1,1,322,322,0.7952,1,9.201,100.0,1
1789899086.654589,1461,6.02,0.5,1,1,322,322,0.7973,1,12.263,100.0,1
1789899086.6804855,1462,1.99,0.5,1,1,322,322,0.7962,1,13.074,100.0,1
1789899086.7164247,1463,4.02,0.5,1,1,322,322,0.7886,1,14.487,100.0,1
1789899086.7941947,1464,12.96,0.5,1,1,322,322,0.7696,1,11.682,100.0,1
1789899086.8181314,1465,4.99,0.5,1,1,322,322,0.7601,1,13.502,100.0,1
1789899086.8575385,1466,9.97,0.5,1,1,322,322,0.7587,1,16.477,100.0,1
1789899086.8874564,1467,5.98,0.5,1,1,322,322,0.7409,1,11.774,100.0,1
1789899086.96427,1468,13.47,0.5,1,0,322,322,,,,100.0,1
1789899086.9948177,1469,10.73,0.5,1,0,322,322,,,,100.0,1
1789899087.0255637,1470,10.76,0.5,1,0,322,322,,,,100.0,1
1789899087.0563226,1471,9.07,0.5,1,0,322,322,,,,100.0,1
1789899087.1180673,1472,0.0,0.5,1,1,316,316,0.8383,1,9.104,100.0,1
1789899087.148979,1473,1.0,0.5,1,1,316,316,0.8363,1,12.178,100.0,1
1789899087.1948874,1474,6.02,0.5,1,1,316,316,0.8369,1,12.165,100.0,1
1789899087.2187922,1475,3.99,0.5,1,1,316,316,0.8449,1,12.106,100.0,1
1789899087.2876058,1476,6.98,0.5,1,1,316,316,0.8565,1,12.659,100.0,1
1789899087.3175259,1477,1.0,0.5,1,1,316,316,0.8498,1,11.994,100.0,1
1789899087.3640115,1478,10.58,0.5,1,1,316,316,0.8463,1,10.814,100.0,1
1789899087.3879123,1479,5.98,0.5,1,1,316,316,0.8455,1,10.411,100.0,1
1789899087.4567568,1480,10.0,0.5,1,1,316,316,0.8095,1,11.171,100.0,1
1789899087.480666,1481,2.0,0.5,1,0,316,316,,,,100.0,1
1789899087.519135,1482,5.02,0.5,1,0,316,316,,,,100.0,1
1789899087.5506518,1483,4.19,0.5,1,0,316,316,,,,100.0,1
1789899087.5984666,1484,9.34,0.5,1,1,320,320,0.8095,1,9.302,100.0,1
1789899087.6593022,1485,12.96,0.5,1,1,320,320,0.8091,1,9.546,100.0,1
1789899087.6812778,1486,2.03,0.5,1,1,320,320,0.8128,1,13.062,100.0,1
1789899087.7201393,1487,6.98,0.5,1,1,320,320,0.8053,1,14.407,100.0,1
1789899087.783485,1488,3.99,0.5,1,1,320,320,0.8016,1,13.622,100.0,1
1789899087.8273654,1489,12.97,0.5,1,1,320,320,0.8014,1,12.5,100.0,1
1789899087.8572862,1490,10.97,0.5,1,1,320,320,0.8001,1,16.585,100.0,1
1789899087.8882074,1491,5.99,0.5,1,1,320,320,0.8187,1,14.034,100.0,1
1789899087.952031,1492,2.99,0.5,1,0,320,320,,,,100.0,1
1789899087.9824913,1493,1.0,0.5,1,0,320,320,,,,100.0,1
1789899088.030254,1494,8.44,0.5,1,0,320,320,,,,100.0,1
1789899088.060357,1495,13.18,0.5,1,0,320,320,,,,100.0,1
1789899088.122702,1496,10.37,0.5,1,1,316,316,0.8249,1,9.747,100.0,1
1789899088.1506157,1497,0.0,0.5,1,1,316,316,0.8224,1,13.041,100.0,1
1789899088.184071,1498,5.02,0.5,1,1,316,316,0.8222,1,12.336,100.0,1
1789899088.2309413,1499,13.99,0.5,1,1,316,316,0.8356,1,11.942,100.0,1
1789899088.2917492,1500,6.98,0.5,1,1,316,316,0.8231,1,11.57,100.0,1
1789899088.3166835,1501,1.0,0.5,1,1,316,316,0.8117,1,11.162,100.0,1
1789899088.352585,1502,4.99,0.5,1,1,316,316,0.8023,1,11.478,100.0,1
1789899088.3845174,1503,3.99,0.5,1,1,316,316,0.8021,1,11.367,100.0,1
1789899088.459317,1504,8.98,0.5,1,1,316,316,0.8399,1,11.52,100.0,1
1789899088.4902472,1505,6.0,0.5,1,0,316,316,,,,100.0,1
1789899088.5211527,1506,4.99,0.5,1,0,316,316,,,,100.0,1
1789899088.5527542,1507,4.67,0.5,1,0,316,316,,,,100.0,1
1789899088.5983932,1508,7.29,0.5,1,1,339,339,0.613,1,8.937,100.0,1
1789899088.6452544,1509,1.03,0.5,1,1,339,339,0.6192,1,11.795,100.0,1
1789899088.6910927,1510,11.97,0.5,1,1,339,339,0.6104,1,12.126,100.0,1
1789899088.7150314,1511,2.99,0.5,1,1,339,339,0.6239,1,13.494,100.0,1
1789899088.7843282,1512,3.02,0.5,1,1,339,339,0.6114,1,11.384,100.0,1
1789899088.8162162,1513,0.97,0.5,1,1,339,339,0.6423,1,12.901,100.0,1
1789899088.8621268,1514,14.99,0.5,1,1,339,339,0.662,1,11.338,100.0,1
1789899088.8860595,1515,9.01,0.5,1,1,339,339,0.6189,1,12.561,100.0,1
1789899088.954459,1516,9.0,0.5,1,0,339,339,,,,100.0,1
1789899088.9851375,1517,7.42,0.5,1,0,339,339,,,,100.0,1
1789899089.016549,1518,1.97,0.5,1,0,339,339,,,,100.0,1
1789899089.0626035,1519,12.77,0.5,1,0,339,339,,,,100.0,1
1789899089.1230233,1520,7.54,0.5,1,1,319,319,0.7993,1,9.453,100.0,1
1789899089.1510491,1521,1.99,0.5,1,1,319,319,0.786,1,11.289,100.0,1
1789899089.1844697,1522,6.98,0.5,1,1,319,319,0.7826,1,13.237,100.0,1
1789899089.215419,1523,2.03,0.5,1,1,319,319,0.7969,1,12.456,100.0,1
1789899089.2921813,1524,10.97,0.5,1,1,319,319,0.8012,1,11.963,100.0,1
1789899089.3230987,1525,6.98,0.5,1,1,319,319,0.8082,1,12.424,100.0,1
1789899089.354016,1526,5.98,0.5,1,1,319,319,0.8116,1,12.96,100.0,1
1789899089.385442,1527,2.99,0.5,1,1,319,319,0.8189,1,12.284,100.0,1
1789899089.4632337,1528,10.97,0.5,1,1,319,319,0.8492,1,11.561,100.0,1
1789899089.486173,1529,7.98,0.5,1,0,319,319,,,,100.0,1
1789899089.525574,1530,3.99,0.5,1,0,319,319,,,,100.0,1
1789899089.5555775,1531,11.05,0.5,1,0,319,319,,,,100.0,1
1789899089.602273,1532,13.64,0.5,1,1,327,327,0.7852,1,8.914,100.0,1
1789899089.6641126,1533,14.96,0.5,1,1,327,327,0.7855,1,9.51,100.0,1
1789899089.6860533,1534,3.99,0.5,1,1,327,327,0.7643,1,13.468,100.0,1
1789899089.7255216,1535,6.98,0.5,1,1,327,327,0.737,1,12.599,100.0,1
1789899089.7878602,1536,3.99,0.5,1,1,327,327,0.7865,1,9.924,100.0,1
1789899089.8178122,1537,4.02,0.5,1,1,327,327,0.8106,1,11.713,100.0,1
1789899089.8487275,1538,3.02,0.5,1,1,327,327,0.7847,1,11.611,100.0,1
1789899089.8965719,1539,15.96,0.5,1,1,327,327,0.7673,1,9.668,100.0,1
1789899089.9574077,1540,12.97,0.5,1,0,327,327,,,,100.0,1
1789899089.9874432,1541,7.06,0.5,1,0,327,327,,,,100.0,1
1789899090.0181847,1542,6.64,0.5,1,0,327,327,,,,100.0,1
1789899090.0655882,1543,14.91,0.5,1,0,327,327,,,,100.0,1
1789899090.1259317,1544,9.08,0.5,1,1,328,328,0.727,1,10.98,100.0,1
1789899090.1558542,1545,5.98,0.5,1,1,328,328,0.6579,1,12.939,100.0,1
1789899090.187786,1546,5.98,0.5,1,1,328,328,0.6272,1,11.821,100.0,1
1789899090.2187376,1547,3.03,0.5,1,1,328,328,0.6577,1,11.948,100.0,1
1789899090.2805758,1548,2.0,0.5,1,1,328,328,0.5737,1,11.23,100.0,1
1789899090.3284109,1549,12.96,0.5,1,1,328,328,0.5835,1,10.891,100.0,1
1789899090.3503535,1550,3.99,0.5,1,1,328,328,0.5888,1,12.113,100.0,1
1789899090.388759,1551,9.97,0.5,1,1,328,328,0.601,1,9.634,100.0,1
1789899090.4505942,1552,1.0,0.5,1,1,328,328,0.6433,1,11.63,100.0,1
1789899090.482508,1553,2.0,0.5,1,0,328,328,,,,100.0,1
1789899090.5288913,1554,14.96,0.5,1,0,328,328,,,,100.0,1
1789899090.5598292,1555,14.24,0.5,1,0,328,328,,,,100.0,1
1789899090.5900702,1556,1.06,0.5,1,1,328,328,0.7542,1,9.768,100.0,1
1789899090.6519344,1557,5.02,0.5,1,1,328,328,0.774,1,11.351,100.0,1
1789899090.6828218,1558,2.99,0.5,1,1,328,328,0.7444,1,11.751,100.0,1
1789899090.7137392,1559,1.99,0.5,1,1,328,328,0.7268,1,13.495,100.0,1
1789899090.791043,1560,11.97,0.5,1,1,328,328,0.8039,1,11.487,100.0,1
1789899090.8149784,1561,0.0,0.5,1,1,328,328,0.8218,1,13.115,100.0,1
1789899090.868834,1562,13.96,0.5,1,1,328,328,0.8319,1,13.62,100.0,1
1789899090.8927703,1563,10.97,0.5,1,1,328,328,0.8195,1,13.106,100.0,1
1789899090.9595907,1564,8.98,0.5,1,0,328,328,,,,100.0,1
1789899090.990022,1565,10.97,0.5,1,0,328,328,,,,100.0,1
1789899091.0209394,1566,4.99,0.5,1,0,328,328,,,,100.0,1
1789899091.0523503,1567,3.45,0.5,1,0,328,328,,,,100.0,1
1789899091.129551,1568,14.96,0.5,1,1,328,328,0.6762,1,13.526,100.0,1
1789899091.1624305,1569,10.97,0.5,1,1,328,328,0.6792,1,13.378,100.0,1
1789899091.1878686,1570,4.99,0.5,1,1,328,328,0.7013,1,11.503,100.0,1
1789899091.222808,1571,5.02,0.5,1,1,328,328,0.7257,1,12.033,100.0,1
1789899091.2856064,1572,3.99,0.5,1,1,328,328,0.7785,1,11.777,100.0,1
1789899091.3165221,1573,1.0,0.5,1,1,328,328,0.7663,1,12.152,100.0,1
1789899091.363398,1574,13.96,0.5,1,1,328,328,0.7616,1,12.232,100.0,1
1789899091.3948603,1575,6.98,0.5,1,1,328,328,0.7358,1,12.35,100.0,1
1789899091.4556978,1576,7.98,0.5,1,1,328,328,0.7029,1,10.602,100.0,1
1789899091.4866147,1577,5.98,0.5,1,0,328,328,,,,100.0,1
1789899091.5180428,1578,1.99,0.5,1,0,328,328,,,,100.0,1
1789899091.5497313,1579,2.06,0.5,1,0,328,328,,,,100.0,1
1789899091.5962389,1580,6.14,0.5,1,1,328,328,0.7625,1,9.608,100.0,1
1789899091.6580348,1581,9.97,0.5,1,1,328,328,0.7995,1,12.886,100.0,1
1789899091.6849637,1582,3.99,0.5,1,1,328,328,0.7985,1,13.201,100.0,1
1789899091.7188706,1583,6.98,0.5,1,1,328,328,0.8475,1,11.524,100.0,1
1789899091.7817042,1584,1.0,0.5,1,1,328,328,0.8305,1,11.861,100.0,1
1789899091.8285794,1585,12.97,0.5,1,1,328,328,0.8132,1,12.128,100.0,1
1789899091.8545098,1586,5.98,0.5,1,1,328,328,0.7968,1,13.675,100.0,1
1789899091.8814383,1587,2.0,0.5,1,1,328,328,0.7854,1,14.1,100.0,1
1789899091.9512498,1588,3.99,0.5,1,0,328,328,,,,100.0,1
1789899091.982088,1589,1.63,0.5,1,0,328,328,,,,100.0,1
1789899092.0277717,1590,14.55,0.5,1,0,328,328,,,,100.0,1
1789899092.0595539,1591,10.69,0.5,1,0,328,328,,,,100.0,1
1789899092.1196916,1592,4.76,0.5,1,1,363,363,0.6905,1,9.624,100.0,1
1789899092.1585908,1593,8.98,0.5,1,1,363,363,0.641,1,24.523,100.0,1
1789899092.1984842,1594,15.96,0.5,1,1,363,363,0.6441,1,14.978,100.0,1
1789899092.2274387,1595,12.0,0.5,1,1,363,363,0.617,1,13.113,100.0,1
1789899092.2892723,1596,10.0,0.5,1,1,363,363,0.6184,1,13.768,100.0,1
1789899092.3171666,1597,3.99,0.5,1,1,363,363,0.6354,1,15.019,100.0,1
1789899092.3520744,1598,2.99,0.5,1,1,363,363,0.6559,1,12.774,100.0,1
1789899092.3819923,1599,1.99,0.5,1,1,363,363,0.6431,1,14.288,100.0,1
1789899092.4582984,1600,9.97,0.5,1,1,363,363,0.641,1,12.003,100.0,1
1789899092.4842446,1601,3.01,0.5,1,0,363,363,,,,100.0,1
1789899092.5201325,1602,5.98,0.5,1,0,363,363,,,,100.0,1
1789899092.5512376,1603,5.17,0.5,1,0,363,363,,,,100.0,1
1789899092.5974276,1604,7.85,0.5,1,1,374,374,0.678,1,9.543,100.0,1
1789899092.6597269,1605,14.99,0.5,1,1,374,374,0.6841,1,11.088,100.0,1
1789899092.6836317,1606,3.99,0.5,1,1,374,374,0.6748,1,12.461,100.0,1
1789899092.7215626,1607,7.98,0.5,1,1,374,374,0.6523,1,11.048,100.0,1
1789899092.7988267,1608,14.96,0.5,1,1,374,374,0.6505,1,11.108,100.0,1
1789899092.8237603,1609,10.97,0.5,1,1,374,374,0.6512,1,12.923,100.0,1
1789899092.8606615,1610,10.97,0.5,1,1,374,374,0.644,1,11.312,100.0,1
1789899092.8855977,1611,4.99,0.5,1,1,374,374,0.6337,1,12.235,100.0,1
1789899092.9544106,1612,4.99,0.5,1,0,374,374,,,,100.0,1
1789899092.9852808,1613,5.05,0.5,1,0,374,374,,,,100.0,1
1789899093.0159278,1614,2.04,0.5,1,0,374,374,,,,100.0,1
1789899093.0634458,1615,15.39,0.5,1,0,374,374,,,,100.0,1
1789899093.123879,1616,9.07,0.5,1,1,341,341,0.8049,1,9.674,100.0,1
1789899093.153068,1617,5.02,0.5,1,1,341,341,0.8062,1,13.22,100.0,1
1789899093.1869457,1618,4.99,0.5,1,1,341,341,0.8106,1,19.141,100.0,1
1789899093.2188952,1619,5.02,0.5,1,1,341,341,0.7658,1,12.583,100.0,1
1789899093.2926962,1620,10.97,0.5,1,1,341,341,0.7781,1,10.986,100.0,1
1789899093.3175957,1621,1.0,0.5,1,1,341,341,0.7925,1,12.695,100.0,1
1789899093.354534,1622,7.02,0.5,1,1,341,341,0.7857,1,11.617,100.0,1
1789899093.3854442,1623,5.02,0.5,1,1,341,341,0.7574,1,11.962,100.0,1
1789899093.4637766,1624,13.96,0.5,1,1,341,341,0.7397,1,11.044,100.0,1
1789899093.4857507,1625,3.02,0.5,1,0,341,341,,,,100.0,1
1789899093.5256095,1626,10.97,0.5,1,0,341,341,,,,100.0,1
1789899093.5556157,1627,6.07,0.5,1,0,341,341,,,,100.0,1
1789899093.5874925,1628,4.02,0.5,1,1,343,343,0.7143,1,9.606,100.0,1
1789899093.6325274,1629,7.98,0.5,1,1,343,343,0.7332,1,12.862,100.0,1
1789899093.6933312,1630,8.97,0.5,1,1,343,343,0.7243,1,12.238,100.0,1
1789899093.7177773,1631,3.99,0.5,1,1,343,343,0.7183,1,12.286,100.0,1
1789899093.7556748,1632,6.98,0.5,1,1,343,343,0.7518,1,9.85,100.0,1
1789899093.8175232,1633,3.99,0.5,1,1,343,343,0.7812,1,16.975,100.0,1
1789899093.8534288,1634,7.98,0.5,1,1,343,343,0.7633,1,24.202,100.0,1
1789899093.9022973,1635,17.95,0.5,1,1,343,343,0.7104,1,17.04,100.0,1
1789899093.9312253,1636,14.97,0.5,1,1,343,343,0.6713,1,12.078,100.0,1
1789899093.9859333,1637,4.85,0.5,1,0,343,343,,,,100.0,1
1789899094.032155,1638,13.14,0.5,1,0,343,343,,,,100.0,1
1789899094.0619574,1639,6.76,0.5,1,0,343,343,,,,100.0,1
1789899094.0935826,1640,14.05,0.5,1,1,325,325,0.8149,1,9.196,100.0,1
1789899094.1547205,1641,3.99,0.5,1,1,325,325,0.8317,1,11.419,100.0,1
1789899094.1869578,1642,5.31,0.5,1,1,325,325,0.7872,1,15.253,100.0,1
1789899094.2178438,1643,1.99,0.5,1,1,325,325,0.8032,1,14.538,100.0,1
1789899094.2487617,1644,1.0,0.5,1,1,325,325,0.7797,1,14.636,100.0,1
1789899094.3265636,1645,12.98,0.5,1,1,325,325,0.8199,1,14.25,100.0,1
1789899094.3524826,1646,3.99,0.5,1,1,325,325,0.8431,1,13.475,100.0,1
1789899094.3878973,1647,6.49,0.5,1,1,325,325,0.796,1,15.203,100.0,1
1789899094.419321,1648,2.99,0.5,1,1,325,325,0.7764,1,12.687,100.0,1
1789899094.4961143,1649,14.96,0.5,1,0,325,325,,,,100.0,1
1789899094.52711,1650,11.18,0.5,1,0,325,325,,,,100.0,1
1789899094.5572777,1651,10.19,0.5,1,0,325,325,,,,100.0,1
1789899094.5896628,1652,7.01,0.5,1,1,349,349,0.5955,1,9.577,100.0,1
1789899094.6344333,1653,10.97,0.5,1,1,349,349,0.6665,1,10.273,100.0,1
1789899094.680309,1654,1.99,0.5,1,1,349,349,0.6159,1,11.855,100.0,1
1789899094.7266912,1655,11.97,0.5,1,1,349,349,0.6267,1,10.998,100.0,1
1789899094.754617,1656,7.98,0.5,1,1,349,349,0.632,1,13.111,100.0,1
1789899094.8174486,1657,6.98,0.5,1,1,349,349,0.6302,1,10.77,100.0,1
1789899094.8628392,1658,13.47,0.5,1,1,349,349,0.6235,1,11.723,100.0,1
1789899094.8857782,1659,4.99,0.5,1,1,349,349,0.6085,1,12.951,100.0,1
1789899094.9247088,1660,8.98,0.5,1,1,349,349,0.6114,1,11.268,100.0,1
1789899094.9880102,1661,7.49,0.5,1,0,349,349,,,,100.0,1
1789899095.0188432,1662,4.59,0.5,1,0,349,349,,,,100.0,1
1789899095.0494866,1663,2.45,0.5,1,0,349,349,,,,100.0,1
1789899095.0976977,1664,15.82,0.5,1,1,345,345,0.7555,1,9.329,100.0,1
1789899095.1585696,1665,11.01,0.5,1,1,345,345,0.7466,1,9.725,100.0,1
1789899095.1899633,1666,8.49,0.5,1,1,345,345,0.7569,1,20.794,100.0,1
1789899095.2278602,1667,11.97,0.5,1,1,345,345,0.7972,1,33.963,100.0,1
1789899095.2777245,1668,30.92,0.5,1,1,345,345,0.8125,1,16.821,100.0,1
1789899095.3146613,1669,1.03,0.5,1,1,345,345,0.7085,1,12.408,100.0,1
1789899095.3615007,1670,12.97,0.5,1,1,345,345,0.6838,1,10.856,100.0,1
1789899095.3854368,1671,6.98,0.5,1,1,345,345,0.6527,1,10.991,100.0,1
1789899095.423845,1672,7.98,0.5,1,1,345,345,0.6221,1,12.311,100.0,1
1789899095.500149,1673,11.96,0.5,1,0,345,345,,,,100.0,1
1789899095.5157285,1674,2.61,0.5,1,0,345,345,,,,100.0,1
1789899095.5486672,1675,1.0,0.5,1,0,345,345,,,,100.0,1
1789899095.5931866,1676,11.01,0.5,1,1,344,344,0.6969,1,9.197,100.0,1
1789899095.624811,1677,1.99,0.5,1,1,344,344,0.6572,1,11.903,100.0,1
1789899095.6856816,1678,7.01,0.5,1,1,344,344,0.6294,1,9.929,100.0,1
1789899095.7175639,1679,2.0,0.5,1,1,344,344,0.6283,1,12.403,100.0,1
1789899095.7624414,1680,13.96,0.5,1,1,344,344,0.6236,1,11.402,100.0,1
1789899095.8227892,1681,5.98,0.5,1,1,344,344,0.6208,1,13.241,100.0,1
1789899095.8537087,1682,4.99,0.5,1,1,344,344,0.6081,1,14.017,100.0,1
1789899095.881145,1683,1.99,0.5,1,1,344,344,0.6045,1,12.878,100.0,1
1789899095.9310124,1684,11.97,0.5,1,1,344,344,0.615,1,11.844,100.0,1
1789899095.9793909,1685,1.99,0.5,1,0,344,344,,,,100.0,1
1789899096.0242004,1686,9.89,0.5,1,0,344,344,,,,100.0,1
1789899096.0553815,1687,6.12,0.5,1,0,344,344,,,,100.0,1
1789899096.0873575,1688,2.03,0.5,1,1,337,337,0.8404,1,8.994,100.0,1
1789899096.1637723,1689,14.99,0.5,1,1,337,337,0.8115,1,11.565,100.0,1
1789899096.1866775,1690,5.98,0.5,1,1,337,337,0.8072,1,11.808,100.0,1
1789899096.2260823,1691,8.97,0.5,1,1,337,337,0.8216,1,11.692,100.0,1
1789899096.2500172,1692,4.98,0.5,1,1,337,337,0.8446,1,11.679,100.0,1
1789899096.3193781,1693,6.02,0.5,1,1,337,337,0.8411,1,13.218,100.0,1
1789899096.350293,1694,2.03,0.5,1,1,337,337,0.8436,1,13.275,100.0,1
1789899096.3967497,1695,13.58,0.5,1,1,337,337,0.8282,1,12.747,100.0,1
1789899096.4216459,1696,1.99,0.5,1,1,337,337,0.8029,1,12.409,100.0,1
1789899096.4895008,1697,4.02,0.5,1,0,337,337,,,,100.0,1
1789899096.5195973,1698,4.03,0.5,1,0,337,337,,,,100.0,1
1789899096.5507827,1699,2.51,0.5,1,0,337,337,,,,100.0,1
1789899096.597872,1700,14.59,0.5,1,1,345,345,0.7771,1,9.385,100.0,1
1789899096.6259074,1701,2.99,0.5,1,1,345,345,0.7955,1,10.534,100.0,1
1789899096.689766,1702,9.0,0.5,1,1,345,345,0.7639,1,11.745,100.0,1
1789899096.7206535,1703,6.98,0.5,1,1,345,345,0.7372,1,12.465,100.0,1
1789899096.7515707,1704,4.99,0.5,1,1,345,345,0.7122,1,13.766,100.0,1
1789899096.8298721,1705,14.96,0.5,1,1,345,345,0.7144,1,11.709,100.0,1
1789899096.8567998,1706,11.97,0.5,1,1,345,345,0.7964,1,13.944,100.0,1
1789899096.8832507,1707,3.01,0.5,1,1,345,345,0.7703,1,11.485,100.0,1
1789899096.922133,1708,9.97,0.5,1,1,345,345,0.7383,1,11.93,100.0,1
1789899096.9844708,1709,3.99,0.5,1,0,345,345,,,,100.0,1
1789899097.0153716,1710,0.0,0.5,1,0,345,345,,,,100.0,1
1789899097.0612302,1711,11.04,0.5,1,0,345,345,,,,100.0,1
1789899097.092419,1712,7.78,0.5,1,1,338,338,0.7255,1,9.458,100.0,1
1789899097.1542273,1713,5.02,0.5,1,1,338,338,0.7831,1,11.626,100.0,1
1789899097.1851516,1714,4.02,0.5,1,1,338,338,0.7635,1,13.465,100.0,1
1789899097.2160325,1715,0.99,0.5,1,1,338,338,0.7553,1,11.903,100.0,1
1789899097.260946,1716,12.0,0.5,1,1,338,338,0.798,1,11.532,100.0,1
1789899097.3222563,1717,8.98,0.5,1,1,338,338,0.8201,1,12.307,100.0,1
1789899097.3531744,1718,3.99,0.5,1,1,338,338,0.8415,1,11.792,100.0,1
1789899097.38409,1719,2.99,0.5,1,1,338,338,0.8449,1,13.004,100.0,1
1789899097.4314735,1720,15.96,0.5,1,1,338,338,0.8477,1,13.406,100.0,1
1789899097.4928193,1721,8.98,0.5,1,0,338,338,,,,100.0,1
1789899097.525243,1722,9.97,0.5,1,0,338,338,,,,100.0,1
1789899097.5551624,1723,9.97,0.5,1,0,338,338,,,,100.0,1
1789899097.5868003,1724,6.98,0.5,1,1,352,352,0.5929,1,13.409,100.0,1
1789899097.6326973,1725,6.99,0.5,1,1,352,352,0.6222,1,14.179,100.0,1
1789899097.6955247,1726,13.96,0.5,1,1,352,352,0.664,1,15.061,100.0,1
1789899097.8334126,1728,1.96,0.5,1,1,352,352,0.6693,1,9.895,100.0,1
1789899097.856352,1730,1.0,0.5,1,1,352,352,0.7822,1,12.747,100.0,1
1789899097.986711,1733,7.05,0.5,1,0,352,352,,,,100.0,1
1789899098.1254363,1736,6.77,0.5,1,0,352,352,,,,100.0,1
1789899098.279533,1738,6.99,0.5,1,0,352,352,,,,100.0,1
1789899098.2884753,1740,4.99,0.5,1,1,335,335,0.8568,1,9.686,100.0,1
1789899098.326373,1741,5.99,0.5,1,1,335,335,0.8363,1,11.673,100.0,1
1789899098.4491997,1742,6.31,0.5,1,1,335,335,0.8293,1,9.937,100.0,1
1789899098.4711292,1744,9.01,0.5,1,1,335,335,0.8356,1,11.625,100.0,1
1789899098.5887187,1747,1.0,0.5,1,1,335,335,0.7012,1,11.638,100.0,1
1789899098.6116552,1748,21.94,0.5,1,1,335,335,0.6808,1,12.529,100.0,1
1789899098.6370986,1749,14.96,0.5,1,1,335,335,0.6814,1,13.161,100.0,1
1789899098.7588632,1750,0.0,0.5,1,0,335,335,,,,100.0,1
1789899098.8977966,1755,3.03,0.5,1,0,335,335,,,,100.0,1
1789899098.9288526,1756,14.05,0.5,1,1,336,336,0.6967,1,9.144,100.0,1
1789899099.0060227,1757,3.5,0.5,1,1,336,336,0.7876,1,11.967,100.0,1
1789899099.0299573,1758,12.96,0.5,1,1,336,336,0.7608,1,12.078,100.0,1
1789899099.1283355,1760,5.01,0.5,1,1,336,336,0.7259,1,9.154,100.0,1
1789899099.1592877,1761,8.01,0.5,1,1,336,336,0.6676,1,9.825,100.0,1
1789899099.191172,1762,8.98,0.5,1,1,336,336,0.6789,1,12.763,100.0,1
1789899099.2166107,1763,4.99,0.5,1,1,336,336,0.6944,1,12.59,100.0,1
1789899099.2525518,1764,6.02,0.5,1,1,336,336,0.7301,1,12.327,100.0,1
1789899099.3758564,1766,2.05,0.5,1,0,336,336,,,,100.0,1
1789899099.383871,1767,2.03,0.5,1,0,336,336,,,,100.0,1
1789899099.5160909,1770,3.46,0.5,1,0,336,336,,,,100.0,1
1789899099.5472908,1771,1.05,0.5,1,0,336,336,,,,100.0,1
1789899099.6871238,1773,12.85,0.5,0,0,336,336,,,,100.0,1
1789899099.696099,1774,4.02,0.5,0,0,336,336,,,,100.0,1
1789899099.825307,1777,2.08,0.5,0,0,336,336,,,,100.0,1
1789899099.8569887,1778,8.14,0.5,0,0,336,336,,,,100.0,1
1789899099.9969966,1781,11.94,0.5,0,0,336,336,,,,100.0,1
1789899100.134019,1784,1.0,0.5,1,1,344,344,0.6219,1,10.761,100.0,1
1789899100.1629405,1785,14.96,0.5,1,1,344,344,0.6167,1,11.498,100.0,1
1789899100.2899296,1786,3.02,0.5,1,1,344,344,0.6127,1,11.233,100.0,1
1789899100.311844,1788,14.96,0.5,1,1,344,344,0.6123,1,10.637,100.0,1
1789899100.4434028,1792,3.69,0.5,1,1,344,344,0.6088,1,9.646,100.0,1
1789899100.6001241,1794,2.99,0.5,1,0,344,344,,,,100.0,1
1789899100.6091337,1796,6.02,0.5,1,1,338,338,0.7355,1,10.029,100.0,1
1789899100.7377524,1797,1.99,0.5,1,1,338,338,0.7912,1,12.684,100.0,1
1789899100.7646804,1800,6.98,0.5,1,1,338,338,0.8072,1,14.551,100.0,1
1789899100.9075742,1802,3.99,0.5,1,1,338,338,0.7541,1,13.981,100.0,1
1789899100.9345028,1804,18.95,0.5,1,1,338,338,0.7582,1,13.039,100.0,1
1789899101.048113,1805,2.03,0.5,1,0,338,338,,,,100.0,1
1789899101.058058,1807,6.95,0.5,1,0,338,338,,,,100.0,1
1789899101.0938761,1808,12.8,0.5,1,1,333,333,0.837,1,9.131,100.0,1
1789899101.2310388,1811,2.12,0.5,1,1,333,333,0.8453,1,8.975,100.0,1
1789899101.2778647,1812,2.99,0.5,1,1,333,333,0.8439,1,13.746,100.0,1
1789899101.3237414,1813,8.98,0.5,1,1,333,333,0.819,1,12.861,100.0,1
1789899101.3516672,1814,3.99,0.5,1,1,333,333,0.7953,1,13.215,100.0,1
1789899101.3855746,1815,5.98,0.5,1,1,333,333,0.7464,1,11.435,100.0,1
1789899101.415496,1816,1.99,0.5,1,1,333,333,0.8019,1,12.349,100.0,1
1789899101.4912934,1817,8.98,0.5,1,0,333,333,,,,100.0,1
1789899101.5216668,1818,3.01,0.5,1,0,333,333,,,,100.0,1
1789899101.5533187,1819,2.9,0.5,1,0,333,333,,,,100.0,1
1789899101.584308,1820,1.99,0.5,1,1,342,342,0.8039,1,8.976,100.0,1
1789899101.630539,1821,7.02,0.5,1,1,342,342,0.7671,1,10.684,100.0,1
1789899101.691373,1822,11.0,0.5,1,1,342,342,0.7933,1,11.394,100.0,1
1789899101.7222557,1823,5.98,0.5,1,1,342,342,0.7781,1,12.064,100.0,1
1789899101.7541704,1824,3.99,0.5,1,1,342,342,0.7674,1,13.044,100.0,1
1789899101.8302853,1825,13.28,0.5,1,1,342,342,0.7269,1,9.634,100.0,1
1789899101.854228,1826,4.99,0.5,1,1,342,342,0.7478,1,14.982,100.0,1
1789899101.8921204,1827,8.98,0.5,1,1,342,342,0.6285,1,11.639,100.0,1
1789899101.9230375,1828,5.99,0.5,1,1,342,342,0.5631,1,12.047,100.0,1
1789899101.9998512,1829,13.47,0.5,1,0,342,342,,,,100.0,1
1789899102.030756,1830,13.92,0.5,1,0,342,342,,,,100.0,1
1789899102.0608225,1831,11.6,0.5,1,0,342,342,,,,100.0,1
1789899102.093364,1832,12.97,0.5,1,1,324,324,0.7369,1,9.248,100.0,1
1789899102.1212575,1833,4.99,0.5,1,1,324,324,0.4311,1,10.347,100.0,1
1789899102.186084,1834,1.99,0.5,1,1,324,324,0.2914,1,11.548,100.0,1
1789899102.2314677,1835,13.47,0.5,1,1,324,324,0.2134,0,9.891,100.0,1
1789899102.254406,1836,3.99,0.5,1,1,324,324,0.2026,0,10.198,100.0,1
1789899102.2928073,1837,11.47,0.5,1,1,324,324,0.1581,0,12.093,100.0,1
1789899102.37013,1838,14.99,0.5,1,1,324,324,0.1761,0,11.063,100.0,1
1789899102.3930366,1839,9.97,0.5,1,1,324,324,0.2056,0,12.284,100.0,1
1789899102.417969,1840,1.0,0.5,1,1,324,324,0.1419,0,15.709,100.0,1
1789899102.4623597,1841,12.96,0.5,1,0,324,324,,,,100.0,1
1789899102.5247772,1842,5.98,0.5,1,0,324,324,,,,100.0,1
1789899102.555854,1843,3.91,0.5,1,0,324,324,,,,100.0,1
1789899102.5866275,1844,0.97,0.5,1,0,324,324,,,,100.0,1
1789899102.6026204,1845,9.98,0.5,1,0,324,324,,,,100.0,1
1789899102.6937318,1846,5.84,0.5,1,0,324,324,,,,100.0,1
1789899102.725996,1847,3.99,0.5,1,0,324,324,,,,100.0,1
1789899102.7572262,1848,8.3,0.5,1,0,324,324,,,,100.0,1
1789899102.787117,1849,5.63,0.5,1,0,324,324,,,,100.0,1
1789899102.8644347,1850,12.98,0.5,0,0,324,324,,,,100.0,1
1789899102.896023,1851,13.74,0.5,0,0,324,324,,,,100.0,1
1789899102.9258592,1852,4.44,0.5,0,0,324,324,,,,100.0,1
1789899102.9572117,1853,9.51,0.5,0,0,324,324,,,,100.0,1
1789899103.0201957,1854,3.71,0.5,0,0,324,324,,,,100.0,1
1789899103.0509999,1855,3.12,0.5,0,0,324,324,,,,100.0,1
1789899103.0816395,1856,2.28,0.5,1,1,435,499,0.283,0,11.604,100.0,1
1789899103.128027,1857,9.97,0.5,1,1,435,499,0.3245,0,9.918,100.0,1
1789899103.189863,1858,6.98,0.5,1,1,435,499,0.2668,0,12.814,100.0,1
1789899103.2207787,1859,2.99,0.5,1,1,435,499,0.2129,0,12.125,100.0,1
1789899103.2522073,1860,5.98,0.5,1,1,435,499,0.1541,0,11.982,100.0,1
1789899103.2821264,1861,1.0,0.5,1,1,435,499,0.0881,0,12.645,100.0,1
1789899103.360425,1862,12.96,0.5,1,1,435,499,0.1683,0,11.234,100.0,1
1789899103.3913424,1863,7.98,0.5,1,1,435,499,0.2441,0,11.638,100.0,1
1789899103.4222598,1864,6.98,0.5,1,1,435,499,0.1863,0,12.082,100.0,1
1789899103.4536853,1865,6.98,0.5,1,0,435,499,,,,100.0,1
1789899103.515005,1866,0.97,0.5,1,0,435,499,,,,100.0,1
1789899103.5457294,1867,0.0,0.5,1,0,435,499,,,,100.0,1
1789899103.5927296,1869,3.07,0.5,1,0,435,499,,,,100.0,1
1789899103.6855376,1870,3.02,0.5,1,0,435,499,,,,100.0,1
1789899103.7305772,1871,14.1,0.5,1,0,435,499,,,,100.0,1
1789899103.7615597,1872,13.15,0.5,1,0,435,499,,,,100.0,1
1789899103.7923088,1873,13.22,0.5,0,0,435,499,,,,100.0,1
1789899103.8543005,1874,5.64,0.5,0,0,435,499,,,,100.0,1
1789899103.8842638,1875,1.0,0.5,0,0,435,499,,,,100.0,1
1789899103.9307501,1876,14.91,0.5,0,0,435,499,,,,100.0,1
1789899103.9470227,1877,3.0,0.5,0,0,435,499,,,,100.0,1
1789899104.0245829,1878,11.54,0.5,0,0,435,499,,,,100.0,1
1789899104.054968,1879,8.97,0.5,0,0,435,499,,,,100.0,1
1789899104.0863912,1880,8.49,0.5,0,0,435,499,,,,100.0,1
1789899104.119206,1881,7.94,0.5,0,0,435,499,,,,100.0,1
1789899104.196933,1882,16.11,0.5,0,0,435,499,,,,100.0,1
1789899104.2280247,1883,13.58,0.5,0,0,435,499,,,,100.0,1
1789899104.25967,1884,14.66,0.5,0,0,435,499,,,,100.0,1
1789899104.2900612,1885,12.67,0.5,0,0,435,499,,,,100.0,1
1789899104.3510542,1886,5.79,0.5,0,0,435,499,,,,100.0,1
1789899104.3823,1887,1.99,0.5,0,0,435,499,,,,100.0,1
1789899104.4133103,1888,1.0,0.5,0,0,435,499,,,,100.0,1
1789899104.4601061,1889,14.65,0.5,0,0,435,499,,,,100.0,1
1789899104.5217257,1890,10.0,0.5,0,0,435,499,,,,100.0,1
1789899104.5519588,1891,6.47,0.5,0,0,435,499,,,,100.0,1
1789899104.5828626,1892,5.34,0.5,0,0,435,499,,,,100.0,1
1789899104.590793,1893,1.0,0.5,0,0,435,499,,,,100.0,1
1789899104.6898475,1894,12.45,0.5,0,0,435,499,,,,100.0,1
1789899104.7214646,1895,8.71,0.5,0,0,435,499,,,,100.0,1
1789899104.7523699,1896,8.0,0.5,0,0,435,499,,,,100.0,1
