t,seq,frame_age_ms,round,hold,cue_label,cue_name,phase,vocabulary,hand_detected,hand_auth,face_auth,mode,raw_gesture,emitted_gesture,command,fb_stable_count,gesture_conf,battery,altitude_cm
1789938589.0101986,819,20.17,0,0,5,FORWARD,settle,svm,1,0,0,search_360,,SEARCH,rc lr=0 fb=0 ud=0 yaw=30,0,,84.0,70.0
1789938589.041113,820,19.95,0,0,5,FORWARD,settle,svm,1,0,0,search_360,,SEARCH,rc lr=0 fb=0 ud=0 yaw=30,0,,84.0,70.0
1789938589.097936,821,5.5,0,0,5,FORWARD,settle,svm,1,0,0,search_360,,SEARCH,rc lr=0 fb=0 ud=0 yaw=30,0,,84.0,70.0
1789938589.127854,822,1.99,0,0,5,FORWARD,settle,svm,0,0,0,search_360,,SEARCH,rc lr=0 fb=0 ud=0 yaw=30,0,,84.0,70.0
1789938589.1795685,823,22.94,0,0,5,FORWARD,settle,svm,0,0,0,search_360,,SEARCH,rc lr=0 fb=0 ud=0 yaw=30,0,,84.0,70.0
1789938589.2069442,824,16.4,0,0,5,FORWARD,settle,svm,0,0,0,search_360,,SEARCH,rc lr=0 fb=0 ud=0 yaw=30,0,,84.0,70.0
1789938589.2745745,825,18.8,0,0,5,FORWARD,settle,svm,0,0,0,search_360,,SEARCH,rc lr=0 fb=0 ud=0 yaw=30,0,,84.0,70.0
1789938589.291913,826,1.0,0,0,5,FORWARD,settle,svm,0,0,0,search_360,,SEARCH,rc lr=0 fb=0 ud=0 yaw=30,0,,84.0,70.0
1789938589.3427072,827,21.1,0,0,5,FORWARD,settle,svm,1,0,0,search_360,,SEARCH,rc lr=0 fb=0 ud=0 yaw=30,0,,84.0,70.0
1789938589.3600514,828,2.89,0,0,5,FORWARD,settle,svm,1,0,0,search_360,,SEARCH,rc lr=0 fb=0 ud=0 yaw=30,0,,84.0,70.0
1789938589.4262187,829,1.03,0,0,5,FORWARD,settle,svm,1,0,0,search_360,,SEARCH,rc lr=0 fb=0 ud=0 yaw=30,0,,84.0,70.0
1789938589.442173,830,11.97,0,0,5,FORWARD,settle,svm,1,0,0,search_360,,SEARCH,rc lr=0 fb=0 ud=0 yaw=30,0,,84.0,70.0
1789938589.4921267,831,1.0,0,0,5,FORWARD,settle,svm,1,0,0,search_360,,SEARCH,rc lr=0 fb=0 ud=0 yaw=30,0,,84.0,70.0
1789938589.5280612,832,3.02,0,0,5,FORWARD,settle,svm,1,0,0,search_360,,SEARCH,rc lr=0 fb=0 ud=0 yaw=30,0,,84.0,70.0
1789938589.590843,833,1.03,0,0,5,FORWARD,settle,svm,1,0,0,search_360,,SEARCH,rc lr=0 fb=0 ud=0 yaw=30,0,,84.0,70.0
1789938589.6251397,834,2.0,0,0,5,FORWARD,settle,svm,0,0,0,search_360,,SEARCH,rc lr=0 fb=0 ud=0 yaw=30,0,,84.0,70.0
1789938589.6591887,835,2.99,0,0,5,FORWARD,settle,svm,0,0,0,search_360,,SEARCH,rc lr=0 fb=0 ud=0 yaw=30,0,,84.0,70.0
1789938589.6946938,836,2.89,0,0,5,FORWARD,settle,svm,0,0,0,search_360,,SEARCH,rc lr=0 fb=0 ud=0 yaw=30,0,,84.0,70.0
1789938589.7606258,837,3.02,0,0,5,FORWARD,settle,svm,1,0,0,search_360,,SEARCH,rc lr=0 fb=0 ud=0 yaw=30,0,,84.0,70.0
1789938589.7925425,838,1.03,0,0,5,FORWARD,settle,svm,0,0,0,search_360,,SEARCH,rc lr=0 fb=0 ud=0 yaw=30,0,,84.0,70.0
1789938589.8294587,839,6.21,0,0,5,FORWARD,settle,svm,0,0,0,search_360,,SEARCH,rc lr=0 fb=0 ud=0 yaw=30,0,,84.0,70.0
1789938589.860411,840,3.03,0,0,5,FORWARD,settle,svm,0,0,0,search_360,,SEARCH,rc lr=0 fb=0 ud=0 yaw=30,0,,84.0,70.0
1789938589.9272845,841,2.02,0,0,5,FORWARD,settle,svm,1,0,0,search_360,,SEARCH,rc lr=0 fb=0 ud=0 yaw=30,0,,84.0,70.0
1789938589.961621,842,2.0,0,0,5,FORWARD,settle,svm,1,0,0,search_360,,SEARCH,rc lr=0 fb=0 ud=0 yaw=30,0,,84.0,70.0
1789938589.9971364,843,7.59,0,0,5,FORWARD,settle,svm,1,0,0,search_360,,SEARCH,rc lr=0 fb=0 ud=0 yaw=30,0,,84.0,70.0
1789938590.027422,844,2.02,0,0,5,FORWARD,settle,svm,0,0,0,search_360,,SEARCH,rc lr=0 fb=0 ud=0 yaw=30,0,,84.0,70.0
1789938590.0953007,845,2.05,0,0,5,FORWARD,settle,svm,0,0,0,search_360,,SEARCH,rc lr=0 fb=0 ud=0 yaw=30,0,,84.0,70.0
1789938590.1261654,846,0.97,0,0,5,FORWARD,settle,svm,0,0,0,search_360,,SEARCH,rc lr=0 fb=0 ud=0 yaw=30,0,,84.0,70.0
1789938590.16316,847,6.98,0,0,5,FORWARD,settle,svm,0,0,0,search_360,,SEARCH,rc lr=0 fb=0 ud=0 yaw=30,0,,84.0,70.0
1789938590.194086,848,3.04,0,0,5,FORWARD,settle,svm,0,0,0,search_360,,SEARCH,rc lr=0 fb=0 ud=0 yaw=30,0,,84.0,70.0
1789938590.2610574,849,1.0,0,0,5,FORWARD,settle,svm,0,0,0,search_360,,SEARCH,rc lr=0 fb=0 ud=0 yaw=30,0,,84.0,70.0
1789938590.292004,850,2.02,0,0,5,FORWARD,settle,svm,0,0,0,search_360,,SEARCH,rc lr=0 fb=0 ud=0 yaw=30,0,,84.0,70.0
1789938590.3285358,851,4.99,0,0,5,FORWARD,settle,svm,0,0,0,search_360,,SEARCH,rc lr=0 fb=0 ud=0 yaw=30,0,,84.0,70.0
1789938590.3574586,852,1.03,0,0,5,FORWARD,settle,svm,0,0,0,search_360,,SEARCH,rc lr=0 fb=0 ud=0 yaw=30,0,,84.0,70.0
1789938590.4244335,853,1.36,0,0,5,FORWARD,settle,svm,0,0,0,search_360,,SEARCH,rc lr=0 fb=0 ud=0 yaw=30,0,,84.0,70.0
1789938590.4388802,854,10.01,0,0,5,FORWARD,settle,svm,0,0,0,search_360,,SEARCH,rc lr=0 fb=0 ud=0 yaw=30,0,,84.0,70.0
1789938590.4893816,855,1.03,0,0,5,FORWARD,settle,svm,0,0,0,search_360,,SEARCH,rc lr=0 fb=0 ud=0 yaw=30,0,,84.0,70.0
1789938590.5247433,856,2.02,0,0,5,FORWARD,settle,svm,0,0,0,search_360,,SEARCH,rc lr=0 fb=0 ud=0 yaw=30,0,,84.0,70.0
1789938590.5939379,857,2.99,0,0,5,FORWARD,settle,svm,0,0,0,search_360,,SEARCH,rc lr=0 fb=0 ud=0 yaw=30,0,,84.0,70.0
1789938590.6255498,858,4.67,0,0,5,FORWARD,settle,svm,0,0,0,search_360,,SEARCH,rc lr=0 fb=0 ud=0 yaw=30,0,,84.0,70.0
1789938590.6858659,859,29.92,0,0,5,FORWARD,settle,svm,0,0,0,search_360,,SEARCH,rc lr=0 fb=0 ud=0 yaw=30,0,,84.0,70.0
1789938590.7149253,860,26.06,0,0,5,FORWARD,settle,svm,0,0,0,search_360,,SEARCH,rc lr=0 fb=0 ud=0 yaw=30,0,,84.0,70.0
1789938590.7834024,861,27.2,0,0,5,FORWARD,settle,svm,0,0,0,search_360,,SEARCH,rc lr=0 fb=0 ud=0 yaw=30,0,,84.0,70.0
1789938590.8125315,862,17.82,0,0,5,FORWARD,settle,svm,0,0,0,search_360,,SEARCH,rc lr=0 fb=0 ud=0 yaw=30,0,,84.0,70.0
1789938590.8818593,864,26.93,0,0,5,FORWARD,settle,svm,0,0,0,search_360,,SEARCH,rc lr=0 fb=0 ud=0 yaw=30,0,,84.0,70.0
1789938590.9337528,865,9.97,0,0,5,FORWARD,settle,svm,0,0,0,search_360,,SEARCH,rc lr=0 fb=0 ud=0 yaw=30,0,,84.0,70.0
1789938590.99623,867,7.98,0,0,5,FORWARD,settle,svm,0,0,0,search_360,,SEARCH,rc lr=0 fb=0 ud=0 yaw=30,0,,84.0,70.0
1789938591.041035,868,2.99,0,0,5,FORWARD,settle,svm,0,0,0,search_360,,SEARCH,rc lr=0 fb=0 ud=0 yaw=30,0,,84.0,70.0
1789938591.1093554,869,1.0,0,0,5,FORWARD,settle,svm,0,0,0,search_360,,SEARCH,rc lr=0 fb=0 ud=0 yaw=30,0,,84.0,70.0
1789938591.127308,870,0.0,0,0,5,FORWARD,settle,svm,0,0,0,search_360,,SEARCH,rc lr=0 fb=0 ud=0 yaw=30,0,,84.0,70.0
1789938591.1704397,871,16.2,0,0,5,FORWARD,settle,svm,0,0,0,search_360,,SEARCH,rc lr=0 fb=0 ud=0 yaw=30,0,,84.0,70.0
1789938591.2086608,872,2.0,0,0,5,FORWARD,settle,svm,0,0,0,search_360,,SEARCH,rc lr=0 fb=0 ud=0 yaw=30,0,,84.0,70.0
1789938591.2611415,873,2.99,0,0,5,FORWARD,settle,svm,0,0,0,search_360,,SEARCH,rc lr=0 fb=0 ud=0 yaw=30,0,,84.0,70.0
1789938591.2960153,874,2.98,0,0,5,FORWARD,settle,svm,0,0,0,search_360,,SEARCH,rc lr=0 fb=0 ud=0 yaw=30,0,,84.0,70.0
1789938591.3419256,875,19.98,0,0,5,FORWARD,settle,svm,0,0,0,search_360,,SEARCH,rc lr=0 fb=0 ud=0 yaw=30,0,,84.0,70.0
1789938591.3569965,876,4.0,0,0,5,FORWARD,settle,svm,0,0,0,search_360,,SEARCH,rc lr=0 fb=0 ud=0 yaw=30,0,,84.0,70.0
1789938591.4254313,877,2.02,0,0,5,FORWARD,settle,svm,0,0,0,search_360,,SEARCH,rc lr=0 fb=0 ud=0 yaw=30,0,,84.0,70.0
1789938591.441895,878,13.0,0,0,5,FORWARD,settle,svm,0,0,0,search_360,,SEARCH,rc lr=0 fb=0 ud=0 yaw=30,0,,84.0,70.0
1789938591.4959137,879,3.03,0,0,5,FORWARD,settle,svm,0,0,0,search_360,,SEARCH,rc lr=0 fb=0 ud=0 yaw=30,0,,84.0,70.0
1789938591.5370452,880,2.27,0,0,5,FORWARD,settle,svm,0,0,0,search_360,,SEARCH,rc lr=0 fb=0 ud=0 yaw=30,0,,84.0,70.0
1789938591.5942497,881,1.99,0,0,5,FORWARD,settle,svm,0,0,0,search_360,,SEARCH,rc lr=0 fb=0 ud=0 yaw=30,0,,84.0,70.0
1789938591.62316,882,0.59,0,0,5,FORWARD,settle,svm,0,0,0,search_360,,SEARCH,rc lr=0 fb=0 ud=0 yaw=30,0,,84.0,70.0
1789938591.6796637,883,22.73,0,0,5,FORWARD,settle,svm,0,0,0,search_360,,SEARCH,rc lr=0 fb=0 ud=0 yaw=30,0,,84.0,70.0
1789938591.7097383,884,20.1,0,0,5,FORWARD,settle,svm,0,0,0,search_360,,SEARCH,rc lr=0 fb=0 ud=0 yaw=30,0,,84.0,70.0
1789938591.770371,885,16.44,0,0,5,FORWARD,settle,svm,0,0,0,search_360,,SEARCH,rc lr=0 fb=0 ud=0 yaw=30,0,,84.0,70.0
1789938591.80029,886,11.97,0,0,5,FORWARD,settle,svm,0,0,0,search_360,,SEARCH,rc lr=0 fb=0 ud=0 yaw=30,0,,84.0,70.0
1789938591.8692555,888,15.96,0,0,5,FORWARD,settle,svm,0,0,0,search_360,,SEARCH,rc lr=0 fb=0 ud=0 yaw=30,0,,84.0,70.0
1789938591.9234552,889,1.99,0,0,5,FORWARD,settle,svm,0,0,0,search_360,,SEARCH,rc lr=0 fb=0 ud=0 yaw=30,0,,84.0,70.0
1789938591.987401,890,29.66,0,0,5,FORWARD,settle,svm,0,0,0,search_360,,SEARCH,rc lr=0 fb=0 ud=0 yaw=30,0,,84.0,70.0
1789938592.0197194,891,31.81,0,0,5,FORWARD,settle,svm,0,0,0,search_360,,SEARCH,rc lr=0 fb=0 ud=0 yaw=30,0,,84.0,70.0
1789938592.091041,893,2.99,0,0,5,FORWARD,settle,svm,0,0,0,search_360,,SEARCH,rc lr=0 fb=0 ud=0 yaw=30,0,,84.0,70.0
1789938592.1259477,894,3.99,0,0,5,FORWARD,settle,svm,0,0,0,search_360,,SEARCH,rc lr=0 fb=0 ud=0 yaw=30,0,,84.0,70.0
1789938592.1741736,895,0.99,0,0,5,FORWARD,settle,svm,0,0,0,search_360,,SEARCH,rc lr=0 fb=0 ud=0 yaw=30,0,,84.0,70.0
1789938592.1911283,896,1.0,0,0,5,FORWARD,settle,svm,0,0,0,search_360,,SEARCH,rc lr=0 fb=0 ud=0 yaw=30,0,,84.0,70.0
1789938592.2593796,897,1.96,0,0,5,FORWARD,settle,svm,0,0,0,search_360,,SEARCH,rc lr=0 fb=0 ud=0 yaw=30,0,,84.0,70.0
1789938592.295265,898,3.99,0,0,5,FORWARD,settle,svm,0,0,0,search_360,,SEARCH,rc lr=0 fb=0 ud=0 yaw=30,0,,84.0,70.0
1789938592.343144,899,21.97,0,0,5,FORWARD,settle,svm,0,0,0,search_360,,SEARCH,rc lr=0 fb=0 ud=0 yaw=30,0,,84.0,70.0
1789938592.3640885,900,8.01,0,0,5,FORWARD,settle,svm,0,0,0,search_360,,SEARCH,rc lr=0 fb=0 ud=0 yaw=30,0,,84.0,70.0
1789938592.4274087,901,2.99,0,0,5,FORWARD,settle,svm,0,0,0,search_360,,SEARCH,rc lr=0 fb=0 ud=0 yaw=30,0,,84.0,70.0
1789938592.4438806,902,14.48,0,0,5,FORWARD,settle,svm,0,0,0,search_360,,SEARCH,rc lr=0 fb=0 ud=0 yaw=30,0,,84.0,70.0
1789938592.4930751,903,2.02,0,0,5,FORWARD,settle,svm,0,0,0,search_360,,SEARCH,rc lr=0 fb=0 ud=0 yaw=30,0,,84.0,70.0
1789938592.5289464,904,2.99,0,0,5,FORWARD,settle,svm,0,0,0,search_360,,SEARCH,rc lr=0 fb=0 ud=0 yaw=30,0,,84.0,70.0
1789938592.5923474,905,3.14,0,0,5,FORWARD,settle,svm,0,0,0,search_360,,SEARCH,rc lr=0 fb=0 ud=0 yaw=30,0,,84.0,70.0
1789938592.627306,906,2.99,0,0,5,FORWARD,settle,svm,0,0,0,search_360,,SEARCH,rc lr=0 fb=0 ud=0 yaw=30,0,,84.0,70.0
1789938592.6687691,907,13.99,0,0,5,FORWARD,settle,svm,0,0,0,search_360,,SEARCH,rc lr=0 fb=0 ud=0 yaw=30,0,,84.0,70.0
1789938592.6937377,908,3.02,0,0,5,FORWARD,settle,svm,0,0,0,search_360,,SEARCH,rc lr=0 fb=0 ud=0 yaw=30,0,,84.0,70.0
1789938592.7593098,909,3.0,0,0,5,FORWARD,settle,svm,0,0,0,search_360,,SEARCH,rc lr=0 fb=0 ud=0 yaw=30,0,,84.0,70.0
1789938592.79196,910,4.02,0,0,5,FORWARD,settle,svm,0,0,0,search_360,,SEARCH,rc lr=0 fb=0 ud=0 yaw=30,0,,84.0,70.0
1789938592.829402,911,7.02,0,0,5,FORWARD,settle,svm,0,0,0,search_360,,SEARCH,rc lr=0 fb=0 ud=0 yaw=30,0,,84.0,70.0
1789938592.8579004,912,2.03,0,0,5,FORWARD,settle,svm,0,0,0,search_360,,SEARCH,rc lr=0 fb=0 ud=0 yaw=30,0,,84.0,70.0
1789938592.927147,913,2.03,0,0,5,FORWARD,settle,svm,0,0,0,search_360,,SEARCH,rc lr=0 fb=0 ud=0 yaw=30,0,,84.0,70.0
1789938592.959908,914,3.02,0,0,5,FORWARD,settle,svm,0,0,0,search_360,,SEARCH,rc lr=0 fb=0 ud=0 yaw=30,0,,84.0,70.0
1789938592.9999723,915,10.18,0,0,5,FORWARD,settle,svm,0,0,0,search_360,,SEARCH,rc lr=0 fb=0 ud=0 yaw=30,0,,84.0,70.0
1789938593.025907,916,1.03,0,0,5,FORWARD,settle,svm,0,0,0,search_360,,SEARCH,rc lr=0 fb=0 ud=0 yaw=30,0,,84.0,70.0
1789938593.094747,917,3.99,0,0,5,FORWARD,settle,svm,0,0,0,search_360,,SEARCH,rc lr=0 fb=0 ud=0 yaw=30,0,,84.0,70.0
1789938593.127042,918,3.03,0,0,5,FORWARD,settle,svm,0,0,0,search_360,,SEARCH,rc lr=0 fb=0 ud=0 yaw=30,0,,84.0,70.0
1789938593.171967,919,17.95,0,0,5,FORWARD,settle,svm,0,0,0,search_360,,SEARCH,rc lr=0 fb=0 ud=0 yaw=30,0,,84.0,70.0
1789938593.1939096,920,3.99,0,0,5,FORWARD,settle,svm,0,0,0,search_360,,SEARCH,rc lr=0 fb=0 ud=0 yaw=30,0,,84.0,70.0
1789938593.2569525,921,1.03,0,0,5,FORWARD,settle,svm,0,0,0,search_360,,SEARCH,rc lr=0 fb=0 ud=0 yaw=30,0,,84.0,70.0
1789938593.2928543,922,3.02,0,0,5,FORWARD,settle,svm,0,0,0,search_360,,SEARCH,rc lr=0 fb=0 ud=0 yaw=30,0,,84.0,70.0
1789938593.3375158,923,13.96,0,0,5,FORWARD,settle,svm,0,0,0,search_360,,SEARCH,rc lr=0 fb=0 ud=0 yaw=30,0,,84.0,70.0
1789938593.358048,924,2.99,0,0,5,FORWARD,settle,svm,0,0,0,search_360,,SEARCH,rc lr=0 fb=0 ud=0 yaw=30,0,,84.0,70.0
1789938593.423804,925,3.99,0,0,5,FORWARD,settle,svm,0,0,0,search_360,,SEARCH,rc lr=0 fb=0 ud=0 yaw=30,0,,84.0,70.0
1789938593.4567153,926,25.93,0,0,5,FORWARD,settle,svm,0,0,0,search_360,,SEARCH,rc lr=0 fb=0 ud=0 yaw=30,0,,84.0,70.0
1789938593.5477176,928,25.14,0,0,5,FORWARD,settle,svm,1,0,0,search_360,,SEARCH,rc lr=0 fb=0 ud=0 yaw=30,0,,84.0,70.0
1789938593.5935981,929,2.0,0,0,5,FORWARD,settle,svm,1,0,0,search_360,,SEARCH,rc lr=0 fb=0 ud=0 yaw=30,0,,84.0,70.0
1789938593.6620426,931,6.98,0,0,5,FORWARD,settle,svm,1,0,0,search_360,,SEARCH,rc lr=0 fb=0 ud=0 yaw=30,0,,84.0,70.0
1789938593.6974924,932,11.97,0,0,5,FORWARD,settle,svm,0,0,0,search_360,,SEARCH,rc lr=0 fb=0 ud=0 yaw=30,0,,84.0,70.0
1789938593.762282,933,9.98,0,0,5,FORWARD,settle,svm,0,0,0,search_360,,SEARCH,rc lr=0 fb=0 ud=0 yaw=30,0,,84.0,70.0
1789938593.794331,934,7.98,0,0,5,FORWARD,settle,svm,0,0,0,search_360,,SEARCH,rc lr=0 fb=0 ud=0 yaw=30,0,,84.0,70.0
1789938593.8979926,936,44.31,0,0,5,FORWARD,settle,svm,1,0,0,search_360,,SEARCH,rc lr=0 fb=0 ud=0 yaw=30,0,,84.0,70.0
1789938593.9338977,937,3.99,0,0,5,FORWARD,settle,svm,1,0,0,search_360,,SEARCH,rc lr=0 fb=0 ud=0 yaw=30,0,,84.0,70.0
1789938593.9961,939,7.98,0,0,5,FORWARD,settle,svm,1,0,0,search_360,,SEARCH,rc lr=0 fb=0 ud=0 yaw=30,0,,84.0,70.0
1789938594.0283556,940,4.99,0,0,5,FORWARD,hold,svm,1,0,0,search_360,,SEARCH,rc lr=0 fb=0 ud=0 yaw=30,0,,84.0,70.0
1789938594.0979998,941,7.98,0,0,5,FORWARD,hold,svm,1,0,0,search_360,,SEARCH,rc lr=0 fb=0 ud=0 yaw=30,0,,84.0,70.0
1789938594.1299486,942,8.98,0,0,5,FORWARD,hold,svm,1,0,0,search_360,,SEARCH,rc lr=0 fb=0 ud=0 yaw=30,0,,84.0,70.0
1789938594.1963685,944,7.98,0,0,5,FORWARD,hold,svm,1,0,0,search_360,,SEARCH,rc lr=0 fb=0 ud=0 yaw=30,0,,84.0,70.0
1789938594.2577586,945,1.0,0,0,5,FORWARD,hold,svm,1,0,0,search_360,,SEARCH,rc lr=0 fb=0 ud=0 yaw=30,0,,84.0,70.0
1789938594.3312037,947,9.97,0,0,5,FORWARD,hold,svm,1,0,0,search_360,,SEARCH,rc lr=0 fb=0 ud=0 yaw=30,0,,84.0,70.0
1789938594.3653371,948,4.98,0,0,5,FORWARD,hold,svm,1,0,0,search_360,,SEARCH,rc lr=0 fb=0 ud=0 yaw=30,0,,84.0,70.0
1789938594.4265723,949,6.98,0,0,5,FORWARD,hold,svm,1,0,0,search_360,,SEARCH,rc lr=0 fb=0 ud=0 yaw=30,0,,84.0,70.0
1789938594.4619823,950,31.42,0,0,5,FORWARD,hold,svm,1,0,0,search_360,,SEARCH,rc lr=0 fb=0 ud=0 yaw=30,0,,84.0,70.0
1789938594.5381956,952,14.36,0,0,5,FORWARD,hold,svm,1,0,0,search_360,,SEARCH,rc lr=0 fb=0 ud=0 yaw=30,0,,84.0,70.0
1789938594.5893521,953,1.0,0,0,5,FORWARD,hold,svm,1,0,0,search_360,,SEARCH,rc lr=0 fb=0 ud=0 yaw=30,0,,84.0,70.0
1789938594.6536908,954,33.42,0,0,5,FORWARD,hold,svm,1,0,0,search_360,,SEARCH,rc lr=0 fb=0 ud=0 yaw=30,0,,84.0,70.0
1789938594.687641,955,31.96,0,0,5,FORWARD,hold,svm,1,0,0,search_360,,SEARCH,rc lr=0 fb=0 ud=0 yaw=30,0,,84.0,70.0
1789938594.7564573,956,66.82,0,0,5,FORWARD,hold,svm,1,0,0,search_360,,SEARCH,rc lr=0 fb=0 ud=0 yaw=30,0,,84.0,70.0
1789938594.7907584,958,1.0,0,0,5,FORWARD,hold,svm,1,0,0,search_360,,SEARCH,rc lr=0 fb=0 ud=0 yaw=30,0,,84.0,70.0
1789938594.8537467,959,28.43,0,0,5,FORWARD,hold,svm,1,0,0,search_360,,SEARCH,rc lr=0 fb=0 ud=0 yaw=30,0,,84.0,70.0
1789938594.8853662,960,31.62,0,0,5,FORWARD,hold,svm,1,0,0,search_360,,SEARCH,rc lr=0 fb=0 ud=0 yaw=30,0,,84.0,70.0
1789938594.9509215,961,11.97,0,0,5,FORWARD,hold,svm,1,0,0,search_360,,SEARCH,rc lr=0 fb=0 ud=0 yaw=30,0,,84.0,70.0
1789938594.9838321,962,23.94,0,0,5,FORWARD,hold,svm,1,0,0,search_360,,SEARCH,rc lr=0 fb=0 ud=0 yaw=30,0,,84.0,70.0
1789938595.0481634,964,20.34,0,0,5,FORWARD,hold,svm,1,0,0,search_360,,SEARCH,rc lr=0 fb=0 ud=0 yaw=30,0,,84.0,70.0
1789938595.0910487,965,1.0,0,0,5,FORWARD,hold,svm,1,0,0,search_360,,SEARCH,rc lr=0 fb=0 ud=0 yaw=30,0,,84.0,70.0
1789938595.1636467,967,9.97,0,0,5,FORWARD,hold,svm,1,0,0,search_360,,SEARCH,rc lr=0 fb=0 ud=0 yaw=30,0,,84.0,70.0
1789938595.1955616,968,7.98,0,0,5,FORWARD,hold,svm,1,0,0,search_360,,SEARCH,rc lr=0 fb=0 ud=0 yaw=30,0,,84.0,70.0
1789938595.2564597,969,2.99,0,0,5,FORWARD,hold,svm,1,0,0,search_360,,SEARCH,rc lr=0 fb=0 ud=0 yaw=30,0,,84.0,70.0
1789938595.290848,970,1.99,0,0,5,FORWARD,hold,svm,1,0,0,search_360,,SEARCH,rc lr=0 fb=0 ud=0 yaw=30,0,,84.0,70.0
1789938595.3590226,972,6.98,0,0,5,FORWARD,hold,svm,1,0,0,search_360,,SEARCH,rc lr=0 fb=0 ud=0 yaw=30,0,,84.0,70.0
1789938595.4351323,973,3.68,0,0,5,FORWARD,hold,svm,1,0,0,search_360,,SEARCH,rc lr=0 fb=0 ud=0 yaw=30,0,,84.0,70.0
1789938595.5058694,975,16.95,0,0,5,FORWARD,hold,svm,1,0,0,search_360,,SEARCH,rc lr=0 fb=0 ud=0 yaw=30,0,,84.0,70.0
1789938595.5426908,976,17.87,0,0,5,FORWARD,hold,svm,0,0,0,search_360,,SEARCH,rc lr=0 fb=0 ud=0 yaw=30,0,,84.0,70.0
1789938595.6137815,977,24.85,0,0,5,FORWARD,hold,svm,0,0,0,search_360,,SEARCH,rc lr=0 fb=0 ud=0 yaw=30,0,,84.0,70.0
1789938595.6483898,978,26.61,0,0,5,FORWARD,hold,svm,0,0,0,search_360,,SEARCH,rc lr=0 fb=0 ud=0 yaw=30,0,,84.0,70.0
1789938595.7008636,980,10.97,0,0,5,FORWARD,hold,svm,0,0,0,search_360,,SEARCH,rc lr=0 fb=0 ud=0 yaw=30,0,,84.0,70.0
1789938595.720812,981,1.0,0,0,5,FORWARD,hold,svm,0,0,0,search_360,,SEARCH,rc lr=0 fb=0 ud=0 yaw=30,0,,84.0,70.0
1789938595.7939808,982,3.18,0,0,5,FORWARD,hold,svm,0,0,0,search_360,,SEARCH,rc lr=0 fb=0 ud=0 yaw=30,0,,84.0,70.0
1789938595.8239057,983,3.99,0,0,5,FORWARD,hold,svm,0,0,0,search_360,,SEARCH,rc lr=0 fb=0 ud=0 yaw=30,0,,84.0,70.0
1789938595.8653536,984,13.01,0,0,5,FORWARD,hold,svm,0,0,0,search_360,,SEARCH,rc lr=0 fb=0 ud=0 yaw=30,0,,84.0,70.0
1789938595.8941169,985,3.98,0,0,5,FORWARD,hold,svm,0,0,0,search_360,,SEARCH,rc lr=0 fb=0 ud=0 yaw=30,0,,84.0,70.0
1789938595.9599736,986,5.02,0,0,5,FORWARD,hold,svm,0,0,0,search_360,,SEARCH,rc lr=0 fb=0 ud=0 yaw=30,0,,84.0,70.0
1789938595.9906235,987,3.01,0,0,5,FORWARD,hold,svm,0,0,0,search_360,,SEARCH,rc lr=0 fb=0 ud=0 yaw=30,0,,84.0,70.0
1789938596.031035,988,9.0,0,0,5,FORWARD,hold,svm,0,0,0,search_360,,SEARCH,rc lr=0 fb=0 ud=0 yaw=30,0,,84.0,70.0
1789938596.053946,989,2.0,0,0,5,FORWARD,hold,svm,0,0,0,search_360,,SEARCH,rc lr=0 fb=0 ud=0 yaw=30,0,,84.0,70.0
1789938596.1260786,990,4.02,0,0,5,FORWARD,hold,svm,0,0,0,search_360,,SEARCH,rc lr=0 fb=0 ud=0 yaw=30,0,,84.0,70.0
1789938596.1579943,991,1.99,0,0,5,FORWARD,hold,svm,0,0,0,search_360,,SEARCH,rc lr=0 fb=0 ud=0 yaw=30,0,,84.0,70.0
1789938596.1998684,992,9.88,0,0,5,FORWARD,hold,svm,0,0,0,search_360,,SEARCH,rc lr=0 fb=0 ud=0 yaw=30,0,,84.0,70.0
1789938596.2256043,993,2.03,0,0,5,FORWARD,hold,svm,0,0,0,search_360,,SEARCH,rc lr=0 fb=0 ud=0 yaw=30,0,,84.0,70.0
1789938596.2923906,994,1.48,0,0,5,FORWARD,hold,svm,0,0,0,search_360,,SEARCH,rc lr=0 fb=0 ud=0 yaw=30,0,,84.0,70.0
1789938596.3269553,995,4.02,0,0,5,FORWARD,hold,svm,0,0,0,search_360,,SEARCH,rc lr=0 fb=0 ud=0 yaw=30,0,,84.0,70.0
1789938596.3743029,996,12.97,0,0,5,FORWARD,hold,svm,0,0,0,search_360,,SEARCH,rc lr=0 fb=0 ud=0 yaw=30,0,,84.0,70.0
1789938596.3944805,997,1.0,0,0,5,FORWARD,hold,svm,0,0,0,search_360,,SEARCH,rc lr=0 fb=0 ud=0 yaw=30,0,,84.0,70.0
1789938596.4671211,998,37.4,0,0,5,FORWARD,hold,svm,0,0,0,search_360,,SEARCH,rc lr=0 fb=0 ud=0 yaw=30,0,,84.0,70.0
1789938596.5102224,999,19.17,0,0,5,FORWARD,hold,svm,0,0,0,search_360,,SEARCH,rc lr=0 fb=0 ud=0 yaw=30,0,,84.0,70.0
1789938596.581665,1001,24.93,0,0,5,FORWARD,hold,svm,0,0,0,search_360,,SEARCH,rc lr=0 fb=0 ud=0 yaw=30,0,,84.0,70.0
1789938596.6259859,1002,0.99,0,0,5,FORWARD,hold,svm,0,0,0,search_360,,SEARCH,rc lr=0 fb=0 ud=0 yaw=30,0,,84.0,70.0
1789938596.7010374,1004,10.97,0,0,5,FORWARD,hold,svm,0,0,0,search_360,,SEARCH,rc lr=0 fb=0 ud=0 yaw=30,0,,84.0,70.0
1789938596.7410738,1005,17.1,0,0,5,FORWARD,hold,svm,0,0,0,search_360,,SEARCH,rc lr=0 fb=0 ud=0 yaw=30,0,,84.0,70.0
1789938596.7921743,1006,4.02,0,0,5,FORWARD,hold,svm,0,0,0,search_360,,SEARCH,rc lr=0 fb=0 ud=0 yaw=30,0,,84.0,70.0
1789938596.8240893,1007,0.99,0,0,5,FORWARD,hold,svm,0,0,0,search_360,,SEARCH,rc lr=0 fb=0 ud=0 yaw=30,0,,84.0,70.0
1789938596.872453,1008,15.96,0,0,5,FORWARD,hold,svm,0,0,0,search_360,,SEARCH,rc lr=0 fb=0 ud=0 yaw=30,0,,84.0,70.0
1789938596.8949883,1009,4.02,0,0,5,FORWARD,hold,svm,0,0,0,search_360,,SEARCH,rc lr=0 fb=0 ud=0 yaw=30,0,,84.0,70.0
1789938596.962429,1010,1.0,0,0,5,FORWARD,hold,svm,0,0,0,search_360,,SEARCH,rc lr=0 fb=0 ud=0 yaw=30,0,,84.0,70.0
1789938596.994785,1011,3.02,0,0,5,FORWARD,hold,svm,0,0,0,search_360,,SEARCH,rc lr=0 fb=0 ud=0 yaw=30,0,,84.0,70.0
1789938597.0604684,1013,4.99,0,0,5,FORWARD,hold,svm,0,0,0,search_360,,SEARCH,rc lr=0 fb=0 ud=0 yaw=30,0,,84.0,70.0
1789938597.133245,1014,2.96,0,0,5,FORWARD,hold,svm,0,0,0,search_360,,SEARCH,rc lr=0 fb=0 ud=0 yaw=30,0,,84.0,70.0
1789938597.2015915,1016,10.97,0,0,5,FORWARD,hold,svm,0,0,0,search_360,,SEARCH,rc lr=0 fb=0 ud=0 yaw=30,0,,84.0,70.0
1789938597.2384923,1017,16.95,0,0,5,FORWARD,hold,svm,0,0,1,face,,FACE,rc lr=0 fb=-21 ud=7 yaw=-20,0,,84.0,70.0
1789938597.3232343,1018,32.23,0,0,5,FORWARD,hold,svm,0,0,1,face,,FACE,rc lr=0 fb=-21 ud=7 yaw=-20,0,,84.0,70.0
1789938597.360136,1019,34.91,0,0,5,FORWARD,hold,svm,0,0,1,face,,FACE,rc lr=0 fb=-25 ud=6 yaw=-20,0,,84.0,70.0
1789938597.4384913,1022,8.98,0,0,5,FORWARD,hold,svm,0,0,1,face,,FACE,rc lr=0 fb=-25 ud=6 yaw=-20,0,,84.0,70.0
1789938597.497503,1023,5.16,0,0,5,FORWARD,hold,svm,0,0,1,face,,FACE,rc lr=0 fb=-32 ud=3 yaw=-20,0,,84.0,70.0
1789938597.5907574,1025,33.91,0,0,5,FORWARD,hold,svm,0,0,1,face,,FACE,rc lr=0 fb=-32 ud=3 yaw=-20,0,,84.0,70.0
1789938597.6265633,1026,4.98,0,0,5,FORWARD,hold,svm,0,0,1,face,,FACE,rc lr=0 fb=-35 ud=2 yaw=-20,0,,84.0,70.0
1789938597.7027323,1028,12.97,0,0,5,FORWARD,hold,svm,0,0,1,face,,FACE,rc lr=0 fb=-35 ud=2 yaw=-20,0,,84.0,70.0
1789938597.7405536,1029,11.89,0,0,5,FORWARD,hold,svm,0,0,1,face,,FACE,rc lr=0 fb=-39 ud=2 yaw=-20,0,,84.0,70.0
1789938597.8254507,1031,4.98,0,0,5,FORWARD,hold,svm,0,0,0,face,,HOVER,rc lr=0 fb=0 ud=0 yaw=0,0,,84.0,70.0
1789938597.8639257,1032,2.99,0,0,5,FORWARD,hold,svm,0,0,0,face,,HOVER,rc lr=0 fb=0 ud=0 yaw=0,0,,84.0,70.0
1789938597.9408007,1033,52.37,0,0,5,FORWARD,hold,svm,0,0,0,face,,HOVER,rc lr=0 fb=0 ud=0 yaw=0,0,,84.0,70.0
1789938597.980532,1034,26.77,0,0,5,FORWARD,hold,svm,0,0,0,face,,HOVER,rc lr=0 fb=0 ud=0 yaw=0,0,,84.0,70.0
1789938598.0590577,1037,0.98,0,0,5,FORWARD,hold,svm,0,0,0,face,,HOVER,rc lr=0 fb=0 ud=0 yaw=0,0,,84.0,70.0
1789938598.1328878,1038,1.99,0,0,5,FORWARD,hold,svm,0,0,0,face,,HOVER,rc lr=0 fb=0 ud=0 yaw=0,0,,84.0,70.0
1789938598.1998415,1040,8.51,0,0,5,FORWARD,hold,svm,0,0,0,face,,HOVER,rc lr=0 fb=0 ud=0 yaw=0,0,,84.0,70.0
1789938598.2363758,1041,7.98,0,0,5,FORWARD,hold,svm,0,0,0,face,,HOVER,rc lr=0 fb=0 ud=0 yaw=0,0,,84.0,70.0
1789938598.3163798,1042,23.64,0,0,5,FORWARD,hold,svm,0,0,0,face,,HOVER,rc lr=0 fb=0 ud=0 yaw=0,0,,84.0,70.0
1789938598.3536818,1043,25.33,0,0,5,FORWARD,hold,svm,0,0,0,face,,HOVER,rc lr=0 fb=0 ud=0 yaw=0,0,,84.0,70.0
1789938598.4235868,1045,31.01,0,0,5,FORWARD,hold,svm,0,0,0,face,,HOVER,rc lr=0 fb=0 ud=0 yaw=0,0,,84.0,70.0
1789938598.4575324,1046,26.96,0,0,5,FORWARD,hold,svm,0,0,0,face,,HOVER,rc lr=0 fb=0 ud=0 yaw=0,0,,84.0,70.0
1789938598.5381033,1048,8.98,0,0,5,FORWARD,hold,svm,0,0,0,face,,HOVER,rc lr=0 fb=0 ud=0 yaw=0,0,,84.0,70.0
1789938598.573439,1049,15.96,0,0,5,FORWARD,hold,svm,0,0,0,hover,,HOVER,rc lr=0 fb=0 ud=0 yaw=0,0,,84.0,70.0
1789938598.6400328,1050,15.02,0,0,5,FORWARD,hold,svm,0,0,0,hover,,HOVER,rc lr=0 fb=0 ud=0 yaw=0,0,,84.0,70.0
1789938598.676411,1051,19.95,0,0,5,FORWARD,hold,svm,0,0,0,hover,,HOVER,rc lr=0 fb=0 ud=0 yaw=0,0,,84.0,70.0
1789938598.7590075,1053,35.46,0,0,5,FORWARD,hold,svm,0,0,0,hover,,HOVER,rc lr=0 fb=0 ud=0 yaw=0,0,,84.0,70.0
1789938598.798414,1054,4.99,0,0,5,FORWARD,hold,svm,0,0,0,hover,,HOVER,rc lr=0 fb=0 ud=0 yaw=0,0,,84.0,70.0
1789938598.8702419,1056,12.48,0,0,5,FORWARD,hold,svm,0,0,0,hover,,HOVER,rc lr=0 fb=0 ud=0 yaw=0,0,,84.0,70.0
1789938598.9087265,1057,19.03,0,0,5,FORWARD,hold,svm,0,0,0,hover,,HOVER,rc lr=0 fb=0 ud=0 yaw=0,0,,84.0,70.0
1789938598.982375,1058,24.93,0,0,5,FORWARD,hold,svm,0,0,0,hover,,HOVER,rc lr=0 fb=0 ud=0 yaw=0,0,,84.0,70.0
1789938599.0267644,1060,2.99,0,0,5,FORWARD,hold,svm,0,0,0,hover,,HOVER,rc lr=0 fb=0 ud=0 yaw=0,0,,84.0,70.0
1789938599.1056635,1061,47.41,0,0,5,FORWARD,hold,svm,1,0,0,hover,,HOVER,rc lr=0 fb=0 ud=0 yaw=0,0,,84.0,70.0
1789938599.1238546,1062,1.24,0,0,5,FORWARD,hold,svm,1,0,0,hover,,HOVER,rc lr=0 fb=0 ud=0 yaw=0,0,,84.0,70.0
1789938599.168769,1063,13.0,0,0,5,FORWARD,hold,svm,1,0,0,hover,,HOVER,rc lr=0 fb=0 ud=0 yaw=0,0,,84.0,70.0
1789938599.2009654,1064,2.99,0,0,5,FORWARD,hold,svm,1,0,0,hover,,HOVER,rc lr=0 fb=0 ud=0 yaw=0,0,,84.0,70.0
1789938599.238069,1065,14.99,0,0,5,FORWARD,hold,svm,1,0,0,hover,,HOVER,rc lr=0 fb=0 ud=0 yaw=0,0,,84.0,70.0
1789938599.296138,1066,3.03,0,0,5,FORWARD,hold,svm,1,0,0,hover,,HOVER,rc lr=0 fb=0 ud=0 yaw=0,0,,84.0,70.0
1789938599.358826,1068,2.0,0,0,5,FORWARD,hold,svm,1,0,0,hover,,HOVER,rc lr=0 fb=0 ud=0 yaw=0,0,,84.0,70.0
1789938599.3967614,1069,3.03,0,0,5,FORWARD,hold,svm,1,0,0,hover,,HOVER,rc lr=0 fb=0 ud=0 yaw=0,0,,84.0,70.0
1789938599.4571865,1070,25.99,0,0,5,FORWARD,hold,svm,1,0,0,hover,,HOVER,rc lr=0 fb=0 ud=0 yaw=0,0,,84.0,70.0
1789938599.4955947,1071,1.99,0,0,5,FORWARD,hold,svm,1,0,0,hover,,HOVER,rc lr=0 fb=0 ud=0 yaw=0,0,,84.0,60.0
1789938599.5698946,1073,9.19,0,0,5,FORWARD,hold,svm,1,0,0,hover,,HOVER,rc lr=0 fb=0 ud=0 yaw=0,0,,84.0,60.0
1789938599.6297333,1074,3.99,0,0,5,FORWARD,hold,svm,1,0,0,hover,,HOVER,rc lr=0 fb=0 ud=0 yaw=0,0,,84.0,60.0
1789938599.70522,1076,15.79,0,0,5,FORWARD,hold,svm,1,0,0,hover,,HOVER,rc lr=0 fb=0 ud=0 yaw=0,0,,84.0,60.0
1789938599.747107,1077,22.93,0,0,5,FORWARD,hold,svm,1,0,0,hover,,HOVER,rc lr=0 fb=0 ud=0 yaw=0,0,,84.0,60.0
1789938599.8284209,1079,2.99,0,0,5,FORWARD,hold,svm,1,0,0,hover,,HOVER,rc lr=0 fb=0 ud=0 yaw=0,0,,84.0,60.0
1789938599.8693128,1080,11.97,0,0,5,FORWARD,hold,svm,1,0,0,hover,,HOVER,rc lr=0 fb=0 ud=0 yaw=0,0,,84.0,60.0
1789938599.9209704,1081,30.94,0,0,5,FORWARD,hold,svm,1,0,0,hover,,HOVER,rc lr=0 fb=0 ud=0 yaw=0,0,,84.0,60.0
1789938599.9629242,1082,2.99,0,0,5,FORWARD,hold,svm,1,0,0,hover,,HOVER,rc lr=0 fb=0 ud=0 yaw=0,0,,84.0,60.0
1789938600.0095518,1083,15.96,0,1,6,BACK,settle,svm,1,0,0,hover,,HOVER,rc lr=0 fb=0 ud=0 yaw=0,0,,84.0,60.0
1789938600.0325193,1084,10.98,0,1,6,BACK,settle,svm,1,0,0,hover,,HOVER,rc lr=0 fb=0 ud=0 yaw=0,0,,84.0,60.0
1789938600.07643,1085,16.95,0,1,6,BACK,settle,svm,1,0,0,hover,,HOVER,rc lr=0 fb=0 ud=0 yaw=0,0,,84.0,60.0
1789938600.127664,1086,1.99,0,1,6,BACK,settle,svm,1,0,0,hover,,HOVER,rc lr=0 fb=0 ud=0 yaw=0,0,,84.0,60.0
1789938600.1725495,1087,15.0,0,1,6,BACK,settle,svm,1,0,0,hover,,HOVER,rc lr=0 fb=0 ud=0 yaw=0,0,,84.0,60.0
1789938600.191366,1088,1.27,0,1,6,BACK,settle,svm,1,0,0,hover,,HOVER,rc lr=0 fb=0 ud=0 yaw=0,0,,84.0,60.0
1789938600.2306874,1089,5.98,0,1,6,BACK,settle,svm,1,0,0,hover,,HOVER,rc lr=0 fb=0 ud=0 yaw=0,0,,84.0,60.0
1789938600.292004,1090,2.34,0,1,6,BACK,settle,svm,1,0,0,hover,,HOVER,rc lr=0 fb=0 ud=0 yaw=0,0,,84.0,60.0
1789938600.356297,1092,1.0,0,1,6,BACK,settle,svm,1,0,0,hover,,HOVER,rc lr=0 fb=0 ud=0 yaw=0,0,,84.0,60.0
1789938600.3925812,1093,1.6,0,1,6,BACK,settle,svm,1,0,0,hover,,HOVER,rc lr=0 fb=0 ud=0 yaw=0,0,,84.0,60.0
1789938600.4505053,1094,20.94,0,1,6,BACK,settle,svm,1,0,0,hover,,HOVER,rc lr=0 fb=0 ud=0 yaw=0,0,,84.0,60.0
1789938600.494934,1095,4.02,0,1,6,BACK,settle,svm,1,0,0,hover,,HOVER,rc lr=0 fb=0 ud=0 yaw=0,0,,84.0,60.0
1789938600.5666358,1097,9.97,0,1,6,BACK,settle,svm,1,0,0,hover,,HOVER,rc lr=0 fb=0 ud=0 yaw=0,0,,84.0,60.0
1789938600.6214888,1098,1.0,0,1,6,BACK,settle,svm,1,0,0,hover,,HOVER,rc lr=0 fb=0 ud=0 yaw=0,0,,84.0,60.0
1789938600.6887555,1099,33.54,0,1,6,BACK,settle,svm,1,0,0,hover,,HOVER,rc lr=0 fb=0 ud=0 yaw=0,0,,84.0,60.0
1789938600.723662,1100,32.91,0,1,6,BACK,settle,svm,1,0,0,hover,,HOVER,rc lr=0 fb=0 ud=0 yaw=0,0,,84.0,60.0
1789938600.7958775,1102,5.98,0,1,6,BACK,settle,svm,1,0,0,hover,,HOVER,rc lr=0 fb=0 ud=0 yaw=0,0,,84.0,60.0
1789938600.8305035,1103,7.7,0,1,6,BACK,settle,svm,1,0,0,hover,,HOVER,rc lr=0 fb=0 ud=0 yaw=0,0,,84.0,60.0
1789938600.8974524,1105,8.87,0,1,6,BACK,settle,svm,1,0,0,hover,,HOVER,rc lr=0 fb=0 ud=0 yaw=0,0,,84.0,60.0
1789938600.9623427,1106,4.99,0,1,6,BACK,settle,svm,1,1,1,gesture,FORWARD,CENTER,rc lr=0 fb=0 ud=0 yaw=0,1,0.9981898852533251,84.0,60.0
1789938601.0347505,1108,13.51,0,1,6,BACK,settle,svm,1,1,1,gesture,FORWARD,FORWARD,rc lr=0 fb=30 ud=0 yaw=0,2,0.9981898852533251,84.0,60.0
1789938601.070166,1109,14.89,0,1,6,BACK,settle,svm,1,1,1,gesture,FORWARD,FORWARD,rc lr=0 fb=30 ud=0 yaw=0,3,0.9817122579535807,84.0,60.0
1789938601.1397402,1110,12.7,0,1,6,BACK,settle,svm,1,1,1,gesture,FORWARD,FORWARD,rc lr=0 fb=30 ud=0 yaw=0,4,0.9817122579535807,84.0,60.0
1789938601.177749,1111,22.71,0,1,6,BACK,settle,svm,1,1,1,gesture,FORWARD,FORWARD,rc lr=0 fb=30 ud=0 yaw=0,5,0.9681693319613426,84.0,60.0
1789938601.255574,1113,31.95,0,1,6,BACK,settle,svm,1,1,1,gesture,FORWARD,FORWARD,rc lr=0 fb=30 ud=0 yaw=0,6,0.9681693319613426,84.0,60.0
1789938601.3003557,1114,5.99,0,1,6,BACK,settle,svm,1,1,1,gesture,FORWARD,FORWARD,rc lr=0 fb=30 ud=0 yaw=0,7,0.9572720700331816,84.0,60.0
1789938601.3696358,1116,15.34,0,1,6,BACK,settle,svm,1,1,1,gesture,FORWARD,FORWARD,rc lr=0 fb=30 ud=0 yaw=0,8,0.9572720700331816,84.0,60.0
1789938601.404544,1117,14.96,0,1,6,BACK,settle,svm,1,1,1,gesture,FORWARD,FORWARD,rc lr=0 fb=30 ud=0 yaw=0,9,0.7414001958842177,84.0,60.0
1789938601.4725223,1118,45.04,0,1,6,BACK,settle,svm,1,1,1,gesture,FORWARD,FORWARD,rc lr=0 fb=30 ud=0 yaw=0,10,0.7414001958842177,84.0,60.0
1789938601.511073,1119,23.93,0,1,6,BACK,settle,svm,1,1,1,gesture,FORWARD,FORWARD,rc lr=0 fb=30 ud=0 yaw=0,11,0.9391894532245767,84.0,60.0
1789938601.5746446,1121,20.85,0,1,6,BACK,settle,svm,1,1,1,gesture,FORWARD,FORWARD,rc lr=0 fb=30 ud=0 yaw=0,12,0.9391894532245767,84.0,60.0
1789938601.6273222,1122,2.99,0,1,6,BACK,settle,svm,1,0,0,gesture,FORWARD,NOHAND,rc lr=0 fb=0 ud=0 yaw=0,0,,84.0,60.0
1789938601.7031384,1124,14.47,0,1,6,BACK,settle,svm,1,0,0,gesture,FORWARD,NOHAND,rc lr=0 fb=0 ud=0 yaw=0,0,,84.0,60.0
1789938601.7358398,1125,8.98,0,1,6,BACK,settle,svm,1,0,0,gesture,FORWARD,NOHAND,rc lr=0 fb=0 ud=0 yaw=0,0,,84.0,60.0
1789938601.801853,1126,11.97,0,1,6,BACK,settle,svm,1,0,0,gesture,FORWARD,NOHAND,rc lr=0 fb=0 ud=0 yaw=0,0,,84.0,60.0
1789938601.8424127,1127,20.61,0,1,6,BACK,settle,svm,1,0,0,gesture,FORWARD,NOHAND,rc lr=0 fb=0 ud=0 yaw=0,0,,84.0,60.0
1789938601.9114618,1129,20.94,0,1,6,BACK,settle,svm,1,0,0,gesture,FORWARD,NOHAND,rc lr=0 fb=0 ud=0 yaw=0,0,,84.0,60.0
1789938601.9609435,1130,3.99,0,1,6,BACK,settle,svm,1,0,0,gesture,FORWARD,NOHAND,rc lr=0 fb=0 ud=0 yaw=0,0,,84.0,60.0
1789938602.0233784,1132,2.0,0,1,6,BACK,settle,svm,1,0,0,gesture,FORWARD,NOHAND,rc lr=0 fb=0 ud=0 yaw=0,0,,84.0,60.0
1789938602.0661926,1133,6.01,0,1,6,BACK,settle,svm,1,0,0,gesture,FORWARD,NOHAND,rc lr=0 fb=0 ud=0 yaw=0,0,,84.0,60.0
1789938602.1352396,1134,6.98,0,1,6,BACK,settle,svm,1,0,0,gesture,FORWARD,NOHAND,rc lr=0 fb=0 ud=0 yaw=0,0,,84.0,70.0
1789938602.1699543,1135,10.44,0,1,6,BACK,settle,svm,1,0,0,gesture,FORWARD,NOHAND,rc lr=0 fb=0 ud=0 yaw=0,0,,84.0,70.0
1789938602.2303662,1136,13.96,0,1,6,BACK,settle,svm,1,0,0,gesture,FORWARD,NOHAND,rc lr=0 fb=0 ud=0 yaw=0,0,,84.0,70.0
1789938602.284081,1137,52.72,0,1,6,BACK,settle,svm,1,0,0,gesture,FORWARD,NOHAND,rc lr=0 fb=0 ud=0 yaw=0,0,,84.0,70.0
1789938602.350164,1138,63.09,0,1,6,BACK,settle,svm,1,0,0,gesture,FORWARD,NOHAND,rc lr=0 fb=0 ud=0 yaw=0,0,,84.0,70.0
1789938602.3860536,1140,12.95,0,1,6,BACK,settle,svm,0,0,0,hover,FORWARD,HOVER,rc lr=0 fb=0 ud=0 yaw=0,0,,84.0,70.0
1789938602.4486148,1142,11.97,0,1,6,BACK,settle,svm,0,0,0,hover,FORWARD,HOVER,rc lr=0 fb=0 ud=0 yaw=0,0,,84.0,70.0
1789938602.4969938,1143,4.5,0,1,6,BACK,settle,svm,0,0,0,hover,FORWARD,HOVER,rc lr=0 fb=0 ud=0 yaw=0,0,,84.0,70.0
1789938602.5785205,1145,22.94,0,1,6,BACK,settle,svm,0,0,0,hover,FORWARD,HOVER,rc lr=0 fb=0 ud=0 yaw=0,0,,84.0,70.0
1789938602.6263409,1146,3.99,0,1,6,BACK,settle,svm,0,0,1,face,FORWARD,FACE,rc lr=0 fb=-33 ud=4 yaw=4,0,,84.0,70.0
1789938602.7005808,1148,12.97,0,1,6,BACK,settle,svm,0,0,1,face,FORWARD,FACE,rc lr=0 fb=-33 ud=4 yaw=4,0,,84.0,70.0
1789938602.7380497,1149,17.52,0,1,6,BACK,settle,svm,0,0,1,face,FORWARD,FACE,rc lr=0 fb=-38 ud=4 yaw=3,0,,84.0,70.0
1789938602.8181765,1150,30.92,0,1,6,BACK,settle,svm,0,0,1,face,FORWARD,FACE,rc lr=0 fb=-38 ud=4 yaw=3,0,,84.0,70.0
1789938602.852089,1151,28.92,0,1,6,BACK,settle,svm,0,0,1,face,FORWARD,FACE,rc lr=0 fb=-40 ud=4 yaw=5,0,,84.0,70.0
1789938602.9323115,1153,41.4,0,1,6,BACK,settle,svm,0,0,1,face,FORWARD,FACE,rc lr=0 fb=-40 ud=4 yaw=5,0,,84.0,70.0
1789938602.9722059,1154,14.96,0,1,6,BACK,settle,svm,0,0,1,face,FORWARD,FACE,rc lr=0 fb=-40 ud=5 yaw=7,0,,84.0,70.0
1789938603.0592756,1156,35.9,0,1,6,BACK,settle,svm,0,0,1,face,FORWARD,FACE,rc lr=0 fb=-40 ud=5 yaw=7,0,,84.0,70.0
1789938603.0971742,1157,31.91,0,1,6,BACK,settle,svm,0,0,1,face,FORWARD,FACE,rc lr=0 fb=-40 ud=6 yaw=7,0,,84.0,70.0
1789938603.17478,1159,21.94,0,1,6,BACK,settle,svm,0,0,1,face,FORWARD,FACE,rc lr=0 fb=-40 ud=6 yaw=7,0,,84.0,70.0
1789938603.2144468,1160,19.92,0,1,6,BACK,settle,svm,0,0,1,face,FORWARD,FACE,rc lr=0 fb=-40 ud=8 yaw=7,0,,84.0,70.0
1789938603.3023674,1162,14.13,0,1,6,BACK,settle,svm,0,0,1,face,FORWARD,FACE,rc lr=0 fb=-40 ud=8 yaw=7,0,,84.0,70.0
1789938603.340952,1163,18.95,0,1,6,BACK,settle,svm,0,0,1,face,FORWARD,FACE,rc lr=0 fb=-40 ud=6 yaw=6,0,,84.0,70.0
1789938603.4202404,1165,31.42,0,1,6,BACK,settle,svm,0,0,1,face,FORWARD,FACE,rc lr=0 fb=-40 ud=6 yaw=6,0,,84.0,70.0
1789938603.458399,1166,26.93,0,1,6,BACK,settle,svm,0,0,1,face,FORWARD,FACE,rc lr=0 fb=-40 ud=0 yaw=8,0,,84.0,70.0
1789938603.560688,1169,6.98,0,1,6,BACK,settle,svm,0,0,1,face,FORWARD,FACE,rc lr=0 fb=-40 ud=0 yaw=8,0,,84.0,70.0
1789938603.6266658,1170,3.99,0,1,6,BACK,settle,svm,0,0,1,face,FORWARD,FACE,rc lr=0 fb=-40 ud=0 yaw=4,0,,84.0,70.0
1789938603.7060246,1172,18.15,0,1,6,BACK,settle,svm,0,0,0,face,FORWARD,HOVER,rc lr=0 fb=0 ud=0 yaw=0,0,,84.0,70.0
1789938603.7399347,1173,17.95,0,1,6,BACK,settle,svm,0,0,0,face,FORWARD,HOVER,rc lr=0 fb=0 ud=0 yaw=0,0,,84.0,70.0
1789938603.8181453,1174,28.11,0,1,6,BACK,settle,svm,0,0,0,face,FORWARD,HOVER,rc lr=0 fb=0 ud=0 yaw=0,0,,84.0,70.0
1789938603.8530514,1175,27.93,0,1,6,BACK,settle,svm,0,0,0,face,FORWARD,HOVER,rc lr=0 fb=0 ud=0 yaw=0,0,,84.0,70.0
1789938603.9238615,1177,34.91,0,1,6,BACK,settle,svm,0,0,0,face,FORWARD,HOVER,rc lr=0 fb=0 ud=0 yaw=0,0,,84.0,70.0
1789938603.9580212,1178,3.99,0,1,6,BACK,settle,svm,0,0,0,face,FORWARD,HOVER,rc lr=0 fb=0 ud=0 yaw=0,0,,84.0,70.0
1789938604.036013,1180,11.97,0,1,6,BACK,settle,svm,0,0,0,face,FORWARD,HOVER,rc lr=0 fb=0 ud=0 yaw=0,0,,84.0,70.0
1789938604.0692065,1181,14.04,0,1,6,BACK,settle,svm,0,0,0,face,FORWARD,HOVER,rc lr=0 fb=0 ud=0 yaw=0,0,,84.0,70.0
1789938604.1421185,1182,17.95,0,1,6,BACK,settle,svm,0,0,0,face,FORWARD,HOVER,rc lr=0 fb=0 ud=0 yaw=0,0,,84.0,70.0
1789938604.1778302,1183,6.79,0,1,6,BACK,settle,svm,0,0,0,face,FORWARD,HOVER,rc lr=0 fb=0 ud=0 yaw=0,0,,84.0,70.0
1789938604.2535102,1185,30.92,0,1,6,BACK,settle,svm,0,0,0,face,FORWARD,HOVER,rc lr=0 fb=0 ud=0 yaw=0,0,,84.0,70.0
1789938604.302756,1186,49.25,0,1,6,BACK,settle,svm,0,0,0,face,FORWARD,HOVER,rc lr=0 fb=0 ud=0 yaw=0,0,,84.0,70.0
1789938604.3740232,1188,18.95,0,1,6,BACK,settle,svm,0,0,0,face,FORWARD,HOVER,rc lr=0 fb=0 ud=0 yaw=0,0,,84.0,70.0
1789938604.410977,1189,20.0,0,1,6,BACK,settle,svm,0,0,0,face,FORWARD,HOVER,rc lr=0 fb=0 ud=0 yaw=0,0,,84.0,70.0
1789938604.4973571,1191,33.91,0,1,6,BACK,settle,svm,0,0,0,hover,FORWARD,HOVER,rc lr=0 fb=0 ud=0 yaw=0,0,,84.0,70.0
1789938604.5335293,1192,11.97,0,1,6,BACK,settle,svm,0,0,0,hover,FORWARD,HOVER,rc lr=0 fb=0 ud=0 yaw=0,0,,84.0,70.0
1789938604.6083107,1194,19.95,0,1,6,BACK,settle,svm,0,0,0,hover,FORWARD,HOVER,rc lr=0 fb=0 ud=0 yaw=0,0,,84.0,70.0
1789938604.6627035,1195,3.99,0,1,6,BACK,settle,svm,0,0,0,hover,FORWARD,HOVER,rc lr=0 fb=0 ud=0 yaw=0,0,,84.0,70.0
1789938604.7452157,1197,22.56,0,1,6,BACK,settle,svm,0,0,0,hover,FORWARD,HOVER,rc lr=0 fb=0 ud=0 yaw=0,0,,84.0,70.0
1789938604.7789795,1198,23.79,0,1,6,BACK,settle,svm,0,0,0,hover,FORWARD,HOVER,rc lr=0 fb=0 ud=0 yaw=0,0,,84.0,70.0
1789938604.8448036,1199,20.94,0,1,6,BACK,settle,svm,0,0,0,hover,FORWARD,HOVER,rc lr=0 fb=0 ud=0 yaw=0,0,,84.0,70.0
1789938604.887921,1200,30.15,0,1,6,BACK,settle,svm,0,0,0,hover,FORWARD,HOVER,rc lr=0 fb=0 ud=0 yaw=0,0,,84.0,70.0
1789938604.9641397,1202,38.88,0,1,6,BACK,settle,svm,0,0,0,hover,FORWARD,HOVER,rc lr=0 fb=0 ud=0 yaw=0,0,,84.0,70.0
1789938604.9966476,1203,5.98,0,1,6,BACK,settle,svm,0,0,0,hover,FORWARD,HOVER,rc lr=0 fb=0 ud=0 yaw=0,0,,84.0,70.0
1789938605.0599895,1205,6.98,0,1,6,BACK,hold,svm,0,0,0,hover,FORWARD,HOVER,rc lr=0 fb=0 ud=0 yaw=0,0,,84.0,70.0
1789938605.092748,1206,4.83,0,1,6,BACK,hold,svm,0,0,0,hover,FORWARD,HOVER,rc lr=0 fb=0 ud=0 yaw=0,0,,84.0,70.0
1789938605.166258,1207,9.97,0,1,6,BACK,hold,svm,0,0,0,hover,FORWARD,HOVER,rc lr=0 fb=0 ud=0 yaw=0,0,,84.0,70.0
1789938605.2033727,1208,13.18,0,1,6,BACK,hold,svm,0,0,0,hover,FORWARD,HOVER,rc lr=0 fb=0 ud=0 yaw=0,0,,84.0,70.0
1789938605.2724102,1210,15.96,0,1,6,BACK,hold,svm,0,0,0,hover,FORWARD,HOVER,rc lr=0 fb=0 ud=0 yaw=0,0,,84.0,70.0
1789938605.3255615,1211,2.0,0,1,6,BACK,hold,svm,0,0,0,hover,FORWARD,HOVER,rc lr=0 fb=0 ud=0 yaw=0,0,,84.0,70.0
1789938605.4233584,1214,20.81,0,1,6,BACK,hold,svm,1,0,0,hover,FORWARD,HOVER,rc lr=0 fb=0 ud=0 yaw=0,0,,84.0,70.0
1789938605.4924703,1215,2.99,0,1,6,BACK,hold,svm,1,0,0,hover,FORWARD,HOVER,rc lr=0 fb=0 ud=0 yaw=0,0,,84.0,70.0
1789938605.5413404,1216,18.95,0,1,6,BACK,hold,svm,1,0,0,hover,FORWARD,HOVER,rc lr=0 fb=0 ud=0 yaw=0,0,,84.0,70.0
1789938605.5579233,1217,1.0,0,1,6,BACK,hold,svm,1,0,0,hover,FORWARD,HOVER,rc lr=0 fb=0 ud=0 yaw=0,0,,84.0,70.0
1789938605.6017935,1218,10.01,0,1,6,BACK,hold,svm,1,0,0,hover,FORWARD,HOVER,rc lr=0 fb=0 ud=0 yaw=0,0,,84.0,70.0
1789938605.6582806,1219,2.95,0,1,6,BACK,hold,svm,1,0,0,hover,FORWARD,HOVER,rc lr=0 fb=0 ud=0 yaw=0,0,,84.0,70.0
1789938605.696959,1220,6.02,0,1,6,BACK,hold,svm,1,0,0,hover,FORWARD,HOVER,rc lr=0 fb=0 ud=0 yaw=0,0,,84.0,70.0
1789938605.7244234,1221,1.0,0,1,6,BACK,hold,svm,1,0,0,hover,FORWARD,HOVER,rc lr=0 fb=0 ud=0 yaw=0,0,,84.0,70.0
1789938605.784641,1222,31.8,0,1,6,BACK,hold,svm,1,0,0,hover,FORWARD,HOVER,rc lr=0 fb=0 ud=0 yaw=0,0,,84.0,70.0
1789938605.8315136,1223,3.99,0,1,6,BACK,hold,svm,1,0,0,hover,FORWARD,HOVER,rc lr=0 fb=0 ud=0 yaw=0,0,,84.0,70.0
1789938605.8921208,1224,35.69,0,1,6,BACK,hold,svm,1,0,0,hover,FORWARD,HOVER,rc lr=0 fb=0 ud=0 yaw=0,0,,84.0,70.0
1789938605.927568,1226,3.03,0,1,6,BACK,hold,svm,1,0,0,hover,FORWARD,HOVER,rc lr=0 fb=0 ud=0 yaw=0,0,,84.0,70.0
1789938605.9984243,1227,6.98,0,1,6,BACK,hold,svm,1,0,0,hover,FORWARD,HOVER,rc lr=0 fb=0 ud=0 yaw=0,0,,84.0,70.0
1789938606.034843,1228,9.97,0,1,6,BACK,hold,svm,1,0,0,hover,FORWARD,HOVER,rc lr=0 fb=0 ud=0 yaw=0,0,,84.0,70.0
1789938606.0948758,1230,5.99,0,1,6,BACK,hold,svm,1,0,0,hover,FORWARD,HOVER,rc lr=0 fb=0 ud=0 yaw=0,0,,84.0,70.0
1789938606.164382,1231,3.03,0,1,6,BACK,hold,svm,0,0,0,hover,FORWARD,HOVER,rc lr=0 fb=0 ud=0 yaw=0,0,,84.0,70.0
1789938606.2430062,1233,19.05,0,1,6,BACK,hold,svm,0,0,0,hover,FORWARD,HOVER,rc lr=0 fb=0 ud=0 yaw=0,0,,84.0,70.0
1789938606.285891,1234,31.91,0,1,6,BACK,hold,svm,0,0,1,face,FORWARD,FACE,rc lr=0 fb=-19 ud=28 yaw=-20,0,,84.0,70.0
1789938606.413752,1237,22.94,0,1,6,BACK,hold,svm,1,1,1,gesture,RIGHT,RIGHT,rc lr=30 fb=0 ud=0 yaw=0,1,0.9991064095467395,84.0,70.0
1789938606.4526508,1238,31.92,0,1,6,BACK,hold,svm,0,0,1,gesture,RIGHT,NOHAND,rc lr=0 fb=0 ud=0 yaw=0,0,,84.0,70.0
1789938606.5321772,1240,9.97,0,1,6,BACK,hold,svm,0,0,1,gesture,RIGHT,NOHAND,rc lr=0 fb=0 ud=0 yaw=0,0,,84.0,70.0
1789938606.5680797,1241,10.97,0,1,6,BACK,hold,svm,0,0,1,gesture,RIGHT,NOHAND,rc lr=0 fb=0 ud=0 yaw=0,0,,84.0,70.0
1789938606.6552298,1242,65.65,0,1,6,BACK,hold,svm,1,0,0,gesture,RIGHT,NOHAND,rc lr=0 fb=0 ud=0 yaw=0,0,,84.0,70.0
1789938606.6932154,1244,1.57,0,1,6,BACK,hold,svm,1,0,0,gesture,RIGHT,NOHAND,rc lr=0 fb=0 ud=0 yaw=0,0,,84.0,70.0
1789938606.765867,1246,11.97,0,1,6,BACK,hold,svm,1,0,0,gesture,RIGHT,NOHAND,rc lr=0 fb=0 ud=0 yaw=0,0,,84.0,70.0
1789938606.8251648,1247,2.99,0,1,6,BACK,hold,svm,1,0,0,gesture,RIGHT,NOHAND,rc lr=0 fb=0 ud=0 yaw=0,0,,84.0,70.0
1789938606.897439,1249,7.98,0,1,6,BACK,hold,svm,1,0,0,gesture,RIGHT,NOHAND,rc lr=0 fb=0 ud=0 yaw=0,0,,84.0,70.0
1789938606.9308462,1250,9.97,0,1,6,BACK,hold,svm,1,0,0,gesture,RIGHT,NOHAND,rc lr=0 fb=0 ud=0 yaw=0,0,,84.0,70.0
1789938607.0039546,1251,12.97,0,1,6,BACK,hold,svm,1,0,0,gesture,RIGHT,NOHAND,rc lr=0 fb=0 ud=0 yaw=0,0,,84.0,70.0
1789938607.0396824,1252,16.78,0,1,6,BACK,hold,svm,1,0,0,gesture,RIGHT,NOHAND,rc lr=0 fb=0 ud=0 yaw=0,0,,84.0,70.0
1789938607.103152,1254,15.96,0,1,6,BACK,hold,svm,1,0,0,gesture,RIGHT,NOHAND,rc lr=0 fb=0 ud=0 yaw=0,0,,84.0,70.0
1789938607.158366,1255,1.99,0,1,6,BACK,hold,svm,1,0,0,gesture,RIGHT,NOHAND,rc lr=0 fb=0 ud=0 yaw=0,0,,84.0,70.0
1789938607.2360783,1257,15.39,0,1,6,BACK,hold,svm,1,0,0,gesture,RIGHT,NOHAND,rc lr=0 fb=0 ud=0 yaw=0,0,,84.0,70.0
1789938607.2732182,1258,20.81,0,1,6,BACK,hold,svm,1,0,0,gesture,RIGHT,NOHAND,rc lr=0 fb=0 ud=0 yaw=0,0,,84.0,70.0
1789938607.3406477,1259,20.14,0,1,6,BACK,hold,svm,1,0,0,gesture,RIGHT,NOHAND,rc lr=0 fb=0 ud=0 yaw=0,0,,84.0,70.0
1789938607.374559,1260,19.95,0,1,6,BACK,hold,svm,1,0,0,gesture,RIGHT,NOHAND,rc lr=0 fb=0 ud=0 yaw=0,0,,84.0,70.0
1789938607.4487348,1262,28.65,0,1,6,BACK,hold,svm,1,0,0,gesture,RIGHT,NOHAND,rc lr=0 fb=0 ud=0 yaw=0,0,,84.0,70.0
1789938607.4831517,1263,20.45,0,1,6,BACK,hold,svm,1,0,0,gesture,RIGHT,NOHAND,rc lr=0 fb=0 ud=0 yaw=0,0,,84.0,70.0
1789938607.5399995,1264,19.94,0,1,6,BACK,hold,svm,1,0,0,gesture,RIGHT,NOHAND,rc lr=0 fb=0 ud=0 yaw=0,0,,84.0,70.0
1789938607.5718963,1265,16.94,0,1,6,BACK,hold,svm,1,0,0,gesture,RIGHT,NOHAND,rc lr=0 fb=0 ud=0 yaw=0,0,,84.0,70.0
1789938607.644757,1266,57.9,0,1,6,BACK,hold,svm,1,0,0,hover,RIGHT,HOVER,rc lr=0 fb=0 ud=0 yaw=0,0,,84.0,70.0
1789938607.682211,1267,26.93,0,1,6,BACK,hold,svm,1,0,0,hover,RIGHT,HOVER,rc lr=0 fb=0 ud=0 yaw=0,0,,84.0,70.0
1789938607.7427123,1269,21.6,0,1,6,BACK,hold,svm,1,0,0,hover,RIGHT,HOVER,rc lr=0 fb=0 ud=0 yaw=0,0,,84.0,70.0
1789938607.7731395,1270,20.45,0,1,6,BACK,hold,svm,1,0,0,hover,RIGHT,HOVER,rc lr=0 fb=0 ud=0 yaw=0,0,,84.0,70.0
1789938607.8493145,1271,28.3,0,1,6,BACK,hold,svm,1,0,0,hover,RIGHT,HOVER,rc lr=0 fb=0 ud=0 yaw=0,0,,84.0,70.0
1789938607.8858268,1272,31.52,0,1,6,BACK,hold,svm,1,0,0,hover,RIGHT,HOVER,rc lr=0 fb=0 ud=0 yaw=0,0,,84.0,70.0
1789938607.9451785,1274,22.94,0,1,6,BACK,hold,svm,1,0,0,hover,RIGHT,HOVER,rc lr=0 fb=0 ud=0 yaw=0,0,,84.0,70.0
1789938607.993852,1275,2.99,0,1,6,BACK,hold,svm,1,0,0,hover,RIGHT,HOVER,rc lr=0 fb=0 ud=0 yaw=0,0,,84.0,70.0
1789938608.0638745,1277,8.98,0,1,6,BACK,hold,svm,1,0,0,hover,RIGHT,HOVER,rc lr=0 fb=0 ud=0 yaw=0,0,,84.0,70.0
1789938608.0957904,1278,8.98,0,1,6,BACK,hold,svm,1,0,0,hover,RIGHT,HOVER,rc lr=0 fb=0 ud=0 yaw=0,0,,84.0,70.0
1789938608.1577554,1279,1.99,0,1,6,BACK,hold,svm,1,0,0,hover,RIGHT,HOVER,rc lr=0 fb=0 ud=0 yaw=0,0,,84.0,70.0
1789938608.1906676,1280,1.99,0,1,6,BACK,hold,svm,1,0,0,hover,RIGHT,HOVER,rc lr=0 fb=0 ud=0 yaw=0,0,,84.0,70.0
1789938608.2581074,1282,2.99,0,1,6,BACK,hold,svm,1,0,0,hover,RIGHT,HOVER,rc lr=0 fb=0 ud=0 yaw=0,0,,84.0,70.0
1789938608.3229349,1283,2.0,0,1,6,BACK,hold,svm,1,0,0,hover,RIGHT,HOVER,rc lr=0 fb=0 ud=0 yaw=0,0,,84.0,70.0
1789938608.384421,1284,31.19,0,1,6,BACK,hold,svm,1,0,0,hover,RIGHT,HOVER,rc lr=0 fb=0 ud=0 yaw=0,0,,84.0,70.0
1789938608.4213216,1286,22.94,0,1,6,BACK,hold,svm,1,0,0,hover,RIGHT,HOVER,rc lr=0 fb=0 ud=0 yaw=0,0,,84.0,70.0
1789938608.4975429,1287,12.0,0,1,6,BACK,hold,svm,1,0,0,hover,RIGHT,HOVER,rc lr=0 fb=0 ud=0 yaw=0,0,,84.0,70.0
1789938608.5299723,1288,9.52,0,1,6,BACK,hold,svm,1,0,0,hover,RIGHT,HOVER,rc lr=0 fb=0 ud=0 yaw=0,0,,84.0,70.0
1789938608.5865355,1289,32.63,0,1,6,BACK,hold,svm,1,0,0,hover,RIGHT,HOVER,rc lr=0 fb=0 ud=0 yaw=0,0,,84.0,70.0
1789938608.616506,1290,28.97,0,1,6,BACK,hold,svm,1,0,0,hover,RIGHT,HOVER,rc lr=0 fb=0 ud=0 yaw=0,0,,84.0,70.0
1789938608.6912572,1291,36.88,0,1,6,BACK,hold,svm,1,0,0,hover,RIGHT,HOVER,rc lr=0 fb=0 ud=0 yaw=0,0,,84.0,70.0
1789938608.7261825,1293,4.5,0,1,6,BACK,hold,svm,1,0,0,hover,RIGHT,HOVER,rc lr=0 fb=0 ud=0 yaw=0,0,,84.0,70.0
1789938608.7906861,1294,36.57,0,1,6,BACK,hold,svm,1,0,0,hover,RIGHT,HOVER,rc lr=0 fb=0 ud=0 yaw=0,0,,84.0,70.0
1789938608.8248062,1295,3.99,0,1,6,BACK,hold,svm,1,0,0,hover,RIGHT,HOVER,rc lr=0 fb=0 ud=0 yaw=0,0,,84.0,70.0
1789938608.8993626,1297,7.74,0,1,6,BACK,hold,svm,1,0,0,hover,RIGHT,HOVER,rc lr=0 fb=0 ud=0 yaw=0,0,,84.0,70.0
1789938608.9378152,1298,17.51,0,1,6,BACK,hold,svm,1,0,0,hover,RIGHT,HOVER,rc lr=0 fb=0 ud=0 yaw=0,0,,84.0,70.0
1789938609.00264,1299,11.97,0,1,6,BACK,hold,svm,1,0,0,hover,RIGHT,HOVER,rc lr=0 fb=0 ud=0 yaw=0,0,,84.0,70.0
1789938609.0340106,1300,11.97,0,1,6,BACK,hold,svm,1,0,0,hover,RIGHT,HOVER,rc lr=0 fb=0 ud=0 yaw=0,0,,84.0,70.0
1789938609.1033814,1302,12.96,0,1,6,BACK,hold,svm,1,0,0,hover,RIGHT,HOVER,rc lr=0 fb=0 ud=0 yaw=0,0,,84.0,70.0
1789938609.1594183,1303,2.99,0,1,6,BACK,hold,svm,1,0,0,hover,RIGHT,HOVER,rc lr=0 fb=0 ud=0 yaw=0,0,,84.0,70.0
1789938609.198984,1304,8.98,0,1,6,BACK,hold,svm,1,0,0,hover,RIGHT,HOVER,rc lr=0 fb=0 ud=0 yaw=0,0,,84.0,70.0
1789938609.227202,1305,2.72,0,1,6,BACK,hold,svm,1,0,0,hover,RIGHT,HOVER,rc lr=0 fb=0 ud=0 yaw=0,0,,84.0,70.0
1789938609.2725928,1306,16.47,0,1,6,BACK,hold,svm,1,0,0,hover,RIGHT,HOVER,rc lr=0 fb=0 ud=0 yaw=0,0,,84.0,70.0
1789938609.323978,1307,1.0,0,1,6,BACK,hold,svm,1,0,0,hover,RIGHT,HOVER,rc lr=0 fb=0 ud=0 yaw=0,0,,84.0,70.0
1789938609.3688924,1308,13.96,0,1,6,BACK,hold,svm,1,0,0,hover,RIGHT,HOVER,rc lr=0 fb=0 ud=0 yaw=0,0,,84.0,70.0
1789938609.3918314,1309,1.99,0,1,6,BACK,hold,svm,1,0,0,hover,RIGHT,HOVER,rc lr=0 fb=0 ud=0 yaw=0,0,,84.0,70.0
1789938609.4370668,1310,17.95,0,1,6,BACK,hold,svm,1,0,0,hover,RIGHT,HOVER,rc lr=0 fb=0 ud=0 yaw=0,0,,84.0,70.0
1789938609.4668984,1311,1.99,0,1,6,BACK,hold,svm,1,1,1,gesture,BACK,CENTER,rc lr=0 fb=0 ud=0 yaw=0,1,0.9985393791812183,84.0,70.0
1789938609.5272722,1312,1.99,0,1,6,BACK,hold,svm,1,1,1,gesture,BACK,BACK,rc lr=0 fb=-30 ud=0 yaw=0,2,0.9985393791812183,84.0,70.0
1789938609.5566163,1313,1.99,0,1,6,BACK,hold,svm,1,1,1,gesture,BACK,BACK,rc lr=0 fb=-30 ud=0 yaw=0,3,0.9983162481048273,84.0,70.0
1789938609.6071212,1314,17.59,0,1,6,BACK,hold,svm,1,1,1,gesture,BACK,BACK,rc lr=0 fb=-30 ud=0 yaw=0,4,0.9983162481048273,84.0,70.0
1789938609.6571028,1315,2.99,0,1,6,BACK,hold,svm,1,0,0,gesture,BACK,NOHAND,rc lr=0 fb=0 ud=0 yaw=0,0,,84.0,70.0
1789938609.7057421,1316,17.72,0,1,6,BACK,hold,svm,1,0,0,gesture,BACK,NOHAND,rc lr=0 fb=0 ud=0 yaw=0,0,,84.0,70.0
1789938609.7276828,1317,5.98,0,1,6,BACK,hold,svm,1,0,0,gesture,BACK,NOHAND,rc lr=0 fb=0 ud=0 yaw=0,0,,84.0,70.0
1789938609.7731562,1318,16.95,0,1,6,BACK,hold,svm,1,0,0,gesture,BACK,NOHAND,rc lr=0 fb=0 ud=0 yaw=0,0,,84.0,70.0
1789938609.8245337,1319,2.99,0,1,6,BACK,hold,svm,1,0,0,gesture,BACK,NOHAND,rc lr=0 fb=0 ud=0 yaw=0,0,,84.0,70.0
1789938609.8649874,1320,11.97,0,1,6,BACK,hold,svm,1,0,0,gesture,BACK,NOHAND,rc lr=0 fb=0 ud=0 yaw=0,0,,84.0,70.0
1789938609.8899362,1321,1.0,0,1,6,BACK,hold,svm,1,0,0,gesture,BACK,NOHAND,rc lr=0 fb=0 ud=0 yaw=0,0,,84.0,70.0
1789938609.9427207,1322,16.95,0,1,6,BACK,hold,svm,1,0,0,gesture,BACK,NOHAND,rc lr=0 fb=0 ud=0 yaw=0,0,,84.0,70.0
1789938609.9914052,1323,1.99,0,1,6,BACK,hold,svm,1,0,0,gesture,BACK,NOHAND,rc lr=0 fb=0 ud=0 yaw=0,0,,84.0,70.0
1789938610.0306854,1324,9.97,0,1,6,BACK,hold,svm,1,0,0,gesture,BACK,NOHAND,rc lr=0 fb=0 ud=0 yaw=0,0,,84.0,70.0
1789938610.0566173,1325,2.99,0,1,6,BACK,hold,svm,1,0,0,gesture,BACK,NOHAND,rc lr=0 fb=0 ud=0 yaw=0,0,,84.0,70.0
1789938610.106305,1326,18.18,0,1,6,BACK,hold,svm,1,0,0,gesture,BACK,NOHAND,rc lr=0 fb=0 ud=0 yaw=0,0,,84.0,70.0
1789938610.1546826,1327,1.0,0,1,6,BACK,hold,svm,1,1,1,gesture,BACK,CENTER,rc lr=0 fb=0 ud=0 yaw=0,1,0.9946760456941026,84.0,70.0
1789938610.1934679,1328,6.98,0,1,6,BACK,hold,svm,1,1,1,gesture,BACK,BACK,rc lr=0 fb=-30 ud=0 yaw=0,2,0.9946760456941026,84.0,70.0
1789938610.22275,1329,1.0,0,1,6,BACK,hold,svm,1,1,1,gesture,BACK,BACK,rc lr=0 fb=-30 ud=0 yaw=0,3,0.9905682741185384,84.0,70.0
1789938610.2784312,1330,23.94,0,1,6,BACK,hold,svm,1,1,1,gesture,BACK,BACK,rc lr=0 fb=-30 ud=0 yaw=0,4,0.9905682741185384,84.0,70.0
1789938610.32401,1331,1.99,0,1,6,BACK,hold,svm,1,0,0,gesture,BACK,NOHAND,rc lr=0 fb=0 ud=0 yaw=0,0,,84.0,70.0
1789938610.3651822,1332,10.77,0,1,6,BACK,hold,svm,1,0,0,gesture,BACK,NOHAND,rc lr=0 fb=0 ud=0 yaw=0,0,,84.0,70.0
1789938610.3900063,1333,2.88,0,1,6,BACK,hold,svm,1,0,0,gesture,BACK,NOHAND,rc lr=0 fb=0 ud=0 yaw=0,0,,84.0,70.0
1789938610.4368827,1334,14.96,0,1,6,BACK,hold,svm,1,0,0,gesture,BACK,NOHAND,rc lr=0 fb=0 ud=0 yaw=0,0,,84.0,70.0
1789938610.4651945,1335,1.99,0,1,6,BACK,hold,svm,1,0,0,gesture,BACK,NOHAND,rc lr=0 fb=0 ud=0 yaw=0,0,,84.0,70.0
1789938610.5243206,1336,1.51,0,1,6,BACK,hold,svm,1,0,0,gesture,BACK,NOHAND,rc lr=0 fb=0 ud=0 yaw=0,0,,84.0,70.0
1789938610.5587757,1337,1.99,0,1,6,BACK,hold,svm,1,0,0,gesture,BACK,NOHAND,rc lr=0 fb=0 ud=0 yaw=0,0,,84.0,70.0
1789938610.6076522,1338,20.34,0,1,6,BACK,hold,svm,1,0,0,gesture,BACK,NOHAND,rc lr=0 fb=0 ud=0 yaw=0,0,,84.0,70.0
1789938610.6574059,1339,1.0,0,1,6,BACK,hold,svm,1,0,0,gesture,BACK,NOHAND,rc lr=0 fb=0 ud=0 yaw=0,0,,84.0,70.0
1789938610.706293,1340,20.45,0,1,6,BACK,hold,svm,1,0,0,gesture,BACK,NOHAND,rc lr=0 fb=0 ud=0 yaw=0,0,,84.0,70.0
1789938610.7332206,1341,13.96,0,1,6,BACK,hold,svm,1,0,0,gesture,BACK,NOHAND,rc lr=0 fb=0 ud=0 yaw=0,0,,84.0,70.0
1789938610.7806299,1342,26.93,0,1,6,BACK,hold,svm,1,0,0,gesture,BACK,NOHAND,rc lr=0 fb=0 ud=0 yaw=0,0,,84.0,70.0
1789938610.824512,1343,1.99,0,1,6,BACK,hold,svm,1,0,0,gesture,BACK,NOHAND,rc lr=0 fb=0 ud=0 yaw=0,0,,84.0,70.0
1789938610.8682597,1344,17.82,0,1,6,BACK,hold,svm,1,0,0,gesture,BACK,NOHAND,rc lr=0 fb=0 ud=0 yaw=0,0,,84.0,70.0
1789938610.8974648,1345,11.25,0,1,6,BACK,hold,svm,1,0,0,gesture,BACK,NOHAND,rc lr=0 fb=0 ud=0 yaw=0,0,,84.0,70.0
1789938610.948225,1346,27.94,0,1,6,BACK,hold,svm,1,0,0,gesture,BACK,NOHAND,rc lr=0 fb=0 ud=0 yaw=0,0,,84.0,70.0
1789938610.9903848,1347,2.32,0,1,6,BACK,hold,svm,1,0,0,gesture,BACK,NOHAND,rc lr=0 fb=0 ud=0 yaw=0,0,,84.0,70.0
1789938611.036876,1348,16.96,0,2,4,DOWN,settle,svm,1,0,0,gesture,BACK,NOHAND,rc lr=0 fb=0 ud=0 yaw=0,0,,84.0,70.0
1789938611.06009,1349,6.26,0,2,4,DOWN,settle,svm,1,0,0,gesture,BACK,NOHAND,rc lr=0 fb=0 ud=0 yaw=0,0,,84.0,70.0
1789938611.112694,1350,23.94,0,2,4,DOWN,settle,svm,1,0,0,hover,BACK,HOVER,rc lr=0 fb=0 ud=0 yaw=0,0,,84.0,70.0
1789938611.154582,1351,1.0,0,2,4,DOWN,settle,svm,1,0,0,hover,BACK,HOVER,rc lr=0 fb=0 ud=0 yaw=0,0,,84.0,70.0
1789938611.2025058,1352,13.96,0,2,4,DOWN,settle,svm,1,0,0,hover,BACK,HOVER,rc lr=0 fb=0 ud=0 yaw=0,0,,84.0,70.0
1789938611.228439,1353,7.98,0,2,4,DOWN,settle,svm,1,0,0,hover,BACK,HOVER,rc lr=0 fb=0 ud=0 yaw=0,0,,84.0,70.0
1789938611.2869465,1354,33.91,0,2,4,DOWN,settle,svm,1,0,0,hover,BACK,HOVER,rc lr=0 fb=0 ud=0 yaw=0,0,,84.0,70.0
1789938611.3225234,1355,1.99,0,2,4,DOWN,settle,svm,1,0,0,hover,BACK,HOVER,rc lr=0 fb=0 ud=0 yaw=0,0,,84.0,70.0
1789938611.3708434,1356,13.96,0,2,4,DOWN,settle,svm,1,0,0,hover,BACK,HOVER,rc lr=0 fb=0 ud=0 yaw=0,0,,84.0,70.0
1789938611.3931634,1357,3.99,0,2,4,DOWN,settle,svm,1,0,0,hover,BACK,HOVER,rc lr=0 fb=0 ud=0 yaw=0,0,,84.0,70.0
1789938611.4392295,1358,42.08,0,2,4,DOWN,settle,svm,1,0,0,hover,BACK,HOVER,rc lr=0 fb=0 ud=0 yaw=0,0,,84.0,70.0
1789938611.488585,1359,1.99,0,2,4,DOWN,settle,svm,1,0,0,hover,BACK,HOVER,rc lr=0 fb=0 ud=0 yaw=0,0,,84.0,70.0
1789938611.5380914,1360,14.6,0,2,4,DOWN,settle,svm,1,0,0,hover,BACK,HOVER,rc lr=0 fb=0 ud=0 yaw=0,0,,84.0,70.0
1789938611.5666478,1361,8.98,0,2,4,DOWN,settle,svm,1,0,0,hover,BACK,HOVER,rc lr=0 fb=0 ud=0 yaw=0,0,,84.0,70.0
1789938611.6142945,1362,28.7,0,2,4,DOWN,settle,svm,1,0,0,hover,BACK,HOVER,rc lr=0 fb=0 ud=0 yaw=0,0,,84.0,70.0
1789938611.6548495,1363,0.0,0,2,4,DOWN,settle,svm,1,0,0,hover,BACK,HOVER,rc lr=0 fb=0 ud=0 yaw=0,0,,84.0,70.0
1789938611.6988165,1364,11.48,0,2,4,DOWN,settle,svm,1,0,0,hover,BACK,HOVER,rc lr=0 fb=0 ud=0 yaw=0,0,,84.0,70.0
1789938611.7239425,1365,3.99,0,2,4,DOWN,settle,svm,1,0,0,hover,BACK,HOVER,rc lr=0 fb=0 ud=0 yaw=0,0,,84.0,70.0
1789938611.7698672,1366,16.01,0,2,4,DOWN,settle,svm,1,0,0,hover,BACK,HOVER,rc lr=0 fb=0 ud=0 yaw=0,0,,84.0,70.0
1789938611.8227077,1367,1.99,0,2,4,DOWN,settle,svm,1,0,0,hover,BACK,HOVER,rc lr=0 fb=0 ud=0 yaw=0,0,,84.0,70.0
1789938611.8720877,1368,12.97,0,2,4,DOWN,settle,svm,1,0,0,hover,BACK,HOVER,rc lr=0 fb=0 ud=0 yaw=0,0,,84.0,70.0
1789938611.8930311,1369,6.98,0,2,4,DOWN,settle,svm,1,0,0,hover,BACK,HOVER,rc lr=0 fb=0 ud=0 yaw=0,0,,84.0,70.0
1789938611.943632,1370,22.2,0,2,4,DOWN,settle,svm,1,0,0,hover,BACK,HOVER,rc lr=0 fb=0 ud=0 yaw=0,0,,84.0,70.0
1789938611.9895275,1371,1.13,0,2,4,DOWN,settle,svm,1,0,0,hover,BACK,HOVER,rc lr=0 fb=0 ud=0 yaw=0,0,,84.0,70.0
1789938612.031196,1372,9.97,0,2,4,DOWN,settle,svm,1,0,0,hover,BACK,HOVER,rc lr=0 fb=0 ud=0 yaw=0,0,,84.0,70.0
1789938612.0581245,1373,3.99,0,2,4,DOWN,settle,svm,1,0,0,hover,BACK,HOVER,rc lr=0 fb=0 ud=0 yaw=0,0,,84.0,70.0
1789938612.1087162,1374,21.94,0,2,4,DOWN,settle,svm,1,0,0,hover,BACK,HOVER,rc lr=0 fb=0 ud=0 yaw=0,0,,84.0,70.0
1789938612.1572552,1375,2.25,0,2,4,DOWN,settle,svm,1,0,0,hover,BACK,HOVER,rc lr=0 fb=0 ud=0 yaw=0,0,,84.0,70.0
1789938612.2021377,1376,12.97,0,2,4,DOWN,settle,svm,1,0,0,hover,BACK,HOVER,rc lr=0 fb=0 ud=0 yaw=0,0,,84.0,70.0
1789938612.2313695,1377,11.05,0,2,4,DOWN,settle,svm,1,0,0,hover,BACK,HOVER,rc lr=0 fb=0 ud=0 yaw=0,0,,84.0,70.0
1789938612.281912,1378,29.6,0,2,4,DOWN,settle,svm,1,0,0,hover,BACK,HOVER,rc lr=0 fb=0 ud=0 yaw=0,0,,84.0,70.0
1789938612.322966,1379,2.0,0,2,4,DOWN,settle,svm,1,0,0,hover,BACK,HOVER,rc lr=0 fb=0 ud=0 yaw=0,0,,84.0,70.0
1789938612.369601,1380,16.17,0,2,4,DOWN,settle,svm,1,0,0,hover,BACK,HOVER,rc lr=0 fb=0 ud=0 yaw=0,0,,84.0,70.0
1789938612.3941264,1381,8.57,0,2,4,DOWN,settle,svm,1,1,1,gesture,BACK,CENTER,rc lr=0 fb=0 ud=0 yaw=0,1,0.9993957220500841,84.0,70.0
1789938612.4449906,1382,47.87,0,2,4,DOWN,settle,svm,1,1,1,gesture,BACK,BACK,rc lr=0 fb=-30 ud=0 yaw=0,2,0.9993957220500841,84.0,70.0
1789938612.4899917,1383,2.0,0,2,4,DOWN,settle,svm,1,1,1,gesture,BACK,BACK,rc lr=0 fb=-30 ud=0 yaw=0,3,0.9992271108838253,84.0,70.0
1789938612.540097,1384,16.2,0,2,4,DOWN,settle,svm,1,1,1,gesture,BACK,BACK,rc lr=0 fb=-30 ud=0 yaw=0,4,0.9992271108838253,84.0,70.0
1789938612.5634694,1385,10.41,0,2,4,DOWN,settle,svm,1,1,1,gesture,BACK,BACK,rc lr=0 fb=-30 ud=0 yaw=0,5,0.9994194694201267,84.0,70.0
1789938612.6141896,1386,24.93,0,2,4,DOWN,settle,svm,1,1,1,gesture,BACK,BACK,rc lr=0 fb=-30 ud=0 yaw=0,6,0.9994194694201267,84.0,70.0
1789938612.6674101,1387,1.99,0,2,4,DOWN,settle,svm,1,1,1,gesture,BACK,BACK,rc lr=0 fb=-30 ud=0 yaw=0,7,0.9993692686755352,84.0,70.0
1789938612.7181418,1388,27.79,0,2,4,DOWN,settle,svm,1,1,1,gesture,BACK,BACK,rc lr=0 fb=-30 ud=0 yaw=0,8,0.9993692686755352,84.0,70.0
1789938612.7459276,1389,22.8,0,2,4,DOWN,settle,svm,1,1,1,gesture,BACK,BACK,rc lr=0 fb=-30 ud=0 yaw=0,9,0.9991961223440329,84.0,70.0
1789938612.801778,1391,11.97,0,2,4,DOWN,settle,svm,1,1,1,gesture,BACK,BACK,rc lr=0 fb=-30 ud=0 yaw=0,10,0.9991961223440329,84.0,70.0
1789938612.8583517,1392,2.99,0,2,4,DOWN,settle,svm,1,0,0,gesture,BACK,NOHAND,rc lr=0 fb=0 ud=0 yaw=0,0,,84.0,70.0
1789938612.905689,1393,15.96,0,2,4,DOWN,settle,svm,1,0,0,gesture,BACK,NOHAND,rc lr=0 fb=0 ud=0 yaw=0,0,,84.0,70.0
1789938612.9316201,1394,9.97,0,2,4,DOWN,settle,svm,1,0,0,gesture,BACK,NOHAND,rc lr=0 fb=0 ud=0 yaw=0,0,,84.0,70.0
1789938612.9825528,1395,28.77,0,2,4,DOWN,settle,svm,1,0,0,gesture,BACK,NOHAND,rc lr=0 fb=0 ud=0 yaw=0,0,,84.0,70.0
1789938613.0244412,1396,1.99,0,2,4,DOWN,settle,svm,1,1,1,gesture,BACK,CENTER,rc lr=0 fb=0 ud=0 yaw=0,1,0.9975839672397301,84.0,70.0
1789938613.0688343,1397,13.39,0,2,4,DOWN,settle,svm,1,1,1,gesture,BACK,BACK,rc lr=0 fb=-30 ud=0 yaw=0,2,0.9975839672397301,84.0,70.0
1789938613.0947638,1398,1.0,0,2,4,DOWN,settle,svm,1,1,1,gesture,BACK,BACK,rc lr=0 fb=-30 ud=0 yaw=0,3,0.8693627600721023,84.0,70.0
1789938613.1462343,1399,21.94,0,2,4,DOWN,settle,svm,1,1,1,gesture,BACK,BACK,rc lr=0 fb=-30 ud=0 yaw=0,4,0.8693627600721023,84.0,70.0
1789938613.193331,1400,1.99,0,2,4,DOWN,settle,svm,0,0,1,gesture,BACK,NOHAND,rc lr=0 fb=0 ud=0 yaw=0,0,,84.0,70.0
1789938613.2363725,1401,11.97,0,2,4,DOWN,settle,svm,0,0,1,gesture,BACK,NOHAND,rc lr=0 fb=0 ud=0 yaw=0,0,,84.0,70.0
1789938613.259555,1402,3.99,0,2,4,DOWN,settle,svm,0,0,0,gesture,BACK,NOHAND,rc lr=0 fb=0 ud=0 yaw=0,0,,84.0,70.0
1789938613.3131714,1403,21.7,0,2,4,DOWN,settle,svm,0,0,0,gesture,BACK,NOHAND,rc lr=0 fb=0 ud=0 yaw=0,0,,84.0,70.0
1789938613.3584356,1404,2.0,0,2,4,DOWN,settle,svm,0,0,0,gesture,BACK,NOHAND,rc lr=0 fb=0 ud=0 yaw=0,0,,84.0,70.0
1789938613.4097366,1406,13.4,0,2,4,DOWN,settle,svm,0,0,0,gesture,BACK,NOHAND,rc lr=0 fb=0 ud=0 yaw=0,0,,84.0,70.0
1789938613.4619434,1407,2.0,0,2,4,DOWN,settle,svm,0,0,0,gesture,BACK,NOHAND,rc lr=0 fb=0 ud=0 yaw=0,0,,84.0,70.0
1789938613.5241265,1408,1.99,0,2,4,DOWN,settle,svm,0,0,0,gesture,BACK,NOHAND,rc lr=0 fb=0 ud=0 yaw=0,0,,84.0,70.0
1789938613.5560462,1409,1.99,0,2,4,DOWN,settle,svm,0,0,0,gesture,BACK,NOHAND,rc lr=0 fb=0 ud=0 yaw=0,0,,84.0,70.0
1789938613.602391,1410,11.97,0,2,4,DOWN,settle,svm,0,0,0,gesture,BACK,NOHAND,rc lr=0 fb=0 ud=0 yaw=0,0,,84.0,70.0
1789938613.6265547,1411,5.21,0,2,4,DOWN,settle,svm,0,0,0,gesture,BACK,NOHAND,rc lr=0 fb=0 ud=0 yaw=0,0,,84.0,70.0
1789938613.6915805,1412,1.99,0,2,4,DOWN,settle,svm,0,0,0,gesture,BACK,NOHAND,rc lr=0 fb=0 ud=0 yaw=0,0,,84.0,70.0
1789938613.722979,1413,1.99,0,2,4,DOWN,settle,svm,0,0,0,gesture,BACK,NOHAND,rc lr=0 fb=0 ud=0 yaw=0,0,,84.0,70.0
1789938613.7842565,1414,30.36,0,2,4,DOWN,settle,svm,0,0,0,gesture,BACK,NOHAND,rc lr=0 fb=0 ud=0 yaw=0,0,,84.0,70.0
1789938613.8061998,1415,14.96,0,2,4,DOWN,settle,svm,0,0,0,gesture,BACK,NOHAND,rc lr=0 fb=0 ud=0 yaw=0,0,,84.0,70.0
1789938613.8582304,1416,2.16,0,2,4,DOWN,settle,svm,0,0,0,gesture,BACK,NOHAND,rc lr=0 fb=0 ud=0 yaw=0,0,,84.0,70.0
1789938613.8909898,1417,1.99,0,2,4,DOWN,settle,svm,0,0,0,gesture,BACK,NOHAND,rc lr=0 fb=0 ud=0 yaw=0,0,,84.0,70.0
1789938613.9534166,1419,2.99,0,2,4,DOWN,settle,svm,1,0,0,hover,BACK,HOVER,rc lr=0 fb=0 ud=0 yaw=0,0,,84.0,70.0
1789938614.0246832,1420,1.99,0,2,4,DOWN,settle,svm,0,0,0,hover,BACK,HOVER,rc lr=0 fb=0 ud=0 yaw=0,0,,84.0,70.0
1789938614.0638344,1421,10.99,0,2,4,DOWN,settle,svm,0,0,0,hover,BACK,HOVER,rc lr=0 fb=0 ud=0 yaw=0,0,,84.0,70.0
1789938614.089598,1422,0.0,0,2,4,DOWN,settle,svm,0,0,0,hover,BACK,HOVER,rc lr=0 fb=0 ud=0 yaw=0,0,,84.0,70.0
1789938614.1215131,1423,0.0,0,2,4,DOWN,settle,svm,0,0,0,hover,BACK,HOVER,rc lr=0 fb=0 ud=0 yaw=0,0,,84.0,70.0
1789938614.1891706,1424,1.0,0,2,4,DOWN,settle,svm,0,0,0,hover,BACK,HOVER,rc lr=0 fb=0 ud=0 yaw=0,0,,84.0,70.0
1789938614.228214,1425,8.47,0,2,4,DOWN,settle,svm,0,0,0,hover,BACK,HOVER,rc lr=0 fb=0 ud=0 yaw=0,0,,84.0,70.0
1789938614.2542744,1426,3.99,0,2,4,DOWN,settle,svm,0,0,0,hover,BACK,HOVER,rc lr=0 fb=0 ud=0 yaw=0,0,,84.0,70.0
1789938614.2871845,1427,2.99,0,2,4,DOWN,settle,svm,0,0,0,hover,BACK,HOVER,rc lr=0 fb=0 ud=0 yaw=0,0,,84.0,70.0
1789938614.3640945,1428,12.5,0,2,4,DOWN,settle,svm,0,0,0,hover,BACK,HOVER,rc lr=0 fb=0 ud=0 yaw=0,0,,84.0,70.0
1789938614.3990314,1430,2.0,0,2,4,DOWN,settle,svm,0,0,0,hover,BACK,HOVER,rc lr=0 fb=0 ud=0 yaw=0,0,,84.0,70.0
1789938614.456058,1431,4.98,0,2,4,DOWN,settle,svm,0,0,0,hover,BACK,HOVER,rc lr=0 fb=0 ud=0 yaw=0,0,,84.0,70.0
1789938614.523122,1432,2.02,0,2,4,DOWN,settle,svm,0,0,0,hover,BACK,HOVER,rc lr=0 fb=0 ud=0 yaw=0,0,,84.0,70.0
1789938614.557028,1433,1.48,0,2,4,DOWN,settle,svm,0,0,0,hover,BACK,HOVER,rc lr=0 fb=0 ud=0 yaw=0,0,,84.0,70.0
1789938614.5965765,1434,9.94,0,2,4,DOWN,settle,svm,0,0,0,hover,BACK,HOVER,rc lr=0 fb=0 ud=0 yaw=0,0,,84.0,70.0
1789938614.620344,1435,1.19,0,2,4,DOWN,settle,svm,0,0,0,hover,BACK,HOVER,rc lr=0 fb=0 ud=0 yaw=0,0,,84.0,70.0
1789938614.690689,1436,5.94,0,2,4,DOWN,settle,svm,0,0,0,hover,BACK,HOVER,rc lr=0 fb=0 ud=0 yaw=0,0,,84.0,70.0
1789938614.7347844,1437,10.19,0,2,4,DOWN,settle,svm,0,0,0,hover,BACK,HOVER,rc lr=0 fb=0 ud=0 yaw=0,0,,84.0,70.0
1789938614.7818496,1438,24.06,0,2,4,DOWN,settle,svm,0,0,0,hover,BACK,HOVER,rc lr=0 fb=0 ud=0 yaw=0,0,,84.0,70.0
1789938614.7953727,1439,9.65,0,2,4,DOWN,settle,svm,0,0,0,hover,BACK,HOVER,rc lr=0 fb=0 ud=0 yaw=0,0,,84.0,70.0
1789938614.8590825,1440,8.99,0,2,4,DOWN,settle,svm,0,0,0,hover,BACK,HOVER,rc lr=0 fb=0 ud=0 yaw=0,0,,84.0,70.0
1789938614.8911772,1441,7.98,0,2,4,DOWN,settle,svm,0,0,0,hover,BACK,HOVER,rc lr=0 fb=0 ud=0 yaw=0,0,,84.0,70.0
1789938614.9359925,1442,17.25,0,2,4,DOWN,settle,svm,0,0,0,hover,BACK,HOVER,rc lr=0 fb=0 ud=0 yaw=0,0,,84.0,70.0
1789938614.9519494,1443,0.99,0,2,4,DOWN,settle,svm,0,0,0,hover,BACK,HOVER,rc lr=0 fb=0 ud=0 yaw=0,0,,84.0,70.0
1789938615.0293376,1444,10.97,0,2,4,DOWN,settle,svm,0,0,0,hover,BACK,HOVER,rc lr=0 fb=0 ud=0 yaw=0,0,,84.0,70.0
1789938615.0610683,1445,6.8,0,2,4,DOWN,settle,svm,0,0,0,hover,BACK,HOVER,rc lr=0 fb=0 ud=0 yaw=0,0,,84.0,70.0
1789938615.0971868,1446,9.97,0,2,4,DOWN,settle,svm,0,0,0,hover,BACK,HOVER,rc lr=0 fb=0 ud=0 yaw=0,0,,84.0,70.0
1789938615.1221204,1447,1.0,0,2,4,DOWN,settle,svm,0,0,0,hover,BACK,HOVER,rc lr=0 fb=0 ud=0 yaw=0,0,,84.0,70.0
1789938615.1929908,1448,1.99,0,2,4,DOWN,settle,svm,0,0,0,hover,BACK,HOVER,rc lr=0 fb=0 ud=0 yaw=0,0,,84.0,70.0
1789938615.228324,1449,8.98,0,2,4,DOWN,settle,svm,0,0,0,hover,BACK,HOVER,rc lr=0 fb=0 ud=0 yaw=0,0,,84.0,70.0
1789938615.2751365,1450,21.88,0,2,4,DOWN,settle,svm,0,0,0,hover,BACK,HOVER,rc lr=0 fb=0 ud=0 yaw=0,0,,84.0,70.0
1789938615.2893555,1451,1.03,0,2,4,DOWN,settle,svm,0,0,0,hover,BACK,HOVER,rc lr=0 fb=0 ud=0 yaw=0,0,,84.0,70.0
1789938615.3840284,1452,15.96,0,2,4,DOWN,settle,svm,0,0,0,hover,BACK,HOVER,rc lr=0 fb=0 ud=0 yaw=0,0,,84.0,70.0
1789938615.40055,1453,14.53,0,2,4,DOWN,settle,svm,0,0,0,hover,BACK,HOVER,rc lr=0 fb=0 ud=0 yaw=0,0,,84.0,70.0
1789938615.4462059,1455,9.94,0,2,4,DOWN,settle,svm,0,0,0,hover,BACK,HOVER,rc lr=0 fb=0 ud=0 yaw=0,0,,84.0,70.0
1789938615.517188,1456,2.0,0,2,4,DOWN,settle,svm,0,0,0,hover,BACK,HOVER,rc lr=0 fb=0 ud=0 yaw=0,0,,84.0,70.0
1789938615.553731,1457,1.03,0,2,4,DOWN,settle,svm,0,0,0,hover,BACK,HOVER,rc lr=0 fb=0 ud=0 yaw=0,0,,84.0,70.0
1789938615.588349,1458,2.4,0,2,4,DOWN,settle,svm,0,0,0,hover,BACK,HOVER,rc lr=0 fb=0 ud=0 yaw=0,0,,84.0,70.0
1789938615.6317914,1459,6.02,0,2,4,DOWN,settle,svm,0,0,0,hover,BACK,HOVER,rc lr=0 fb=0 ud=0 yaw=0,0,,84.0,70.0
1789938615.6946058,1460,5.29,0,2,4,DOWN,settle,svm,0,0,0,hover,BACK,HOVER,rc lr=0 fb=0 ud=0 yaw=0,0,,84.0,70.0
1789938615.7246451,1461,7.01,0,2,4,DOWN,settle,svm,0,0,0,hover,BACK,HOVER,rc lr=0 fb=0 ud=0 yaw=0,0,,84.0,70.0
1789938615.7564926,1462,3.99,0,2,4,DOWN,settle,svm,0,0,0,hover,BACK,HOVER,rc lr=0 fb=0 ud=0 yaw=0,0,,84.0,70.0
1789938615.7913897,1463,8.01,0,2,4,DOWN,settle,svm,0,0,0,hover,BACK,HOVER,rc lr=0 fb=0 ud=0 yaw=0,0,,84.0,70.0
1789938615.8531759,1464,0.0,0,2,4,DOWN,settle,svm,0,0,0,hover,BACK,HOVER,rc lr=0 fb=0 ud=0 yaw=0,0,,84.0,70.0
1789938615.8852794,1465,1.15,0,2,4,DOWN,settle,svm,0,0,0,hover,BACK,HOVER,rc lr=0 fb=0 ud=0 yaw=0,0,,84.0,70.0
1789938615.9251065,1466,5.98,0,2,4,DOWN,settle,svm,0,0,0,hover,BACK,HOVER,rc lr=0 fb=0 ud=0 yaw=0,0,,84.0,70.0
1789938615.971654,1467,19.56,0,2,4,DOWN,settle,svm,0,0,0,hover,BACK,HOVER,rc lr=0 fb=0 ud=0 yaw=0,0,,84.0,70.0
1789938616.0249443,1468,1.12,0,2,4,DOWN,settle,svm,0,0,0,hover,BACK,HOVER,rc lr=0 fb=0 ud=0 yaw=0,0,,84.0,70.0
1789938616.0581,1469,5.98,0,2,4,DOWN,hold,svm,0,0,0,hover,BACK,HOVER,rc lr=0 fb=0 ud=0 yaw=0,0,,84.0,70.0
1789938616.0880206,1470,2.99,0,2,4,DOWN,hold,svm,0,0,0,hover,BACK,HOVER,rc lr=0 fb=0 ud=0 yaw=0,0,,84.0,70.0
1789938616.138942,1471,10.2,0,2,4,DOWN,hold,svm,0,0,0,hover,BACK,HOVER,rc lr=0 fb=0 ud=0 yaw=0,0,,84.0,70.0
1789938616.2066073,1472,2.0,0,2,4,DOWN,hold,svm,0,0,0,hover,BACK,HOVER,rc lr=0 fb=0 ud=0 yaw=0,0,,84.0,70.0
1789938620.9665272,1587,13.37,0,2,4,DOWN,hold,svm,0,0,0,hover,BACK,HOVER,ground,0,,84.0,-50.0
1789938621.0188642,1588,1.0,0,2,4,DOWN,hold,svm,0,0,0,hover,BACK,HOVER,ground,0,,84.0,-50.0
1789938621.0630324,1589,15.58,0,2,4,DOWN,hold,svm,0,0,0,hover,BACK,HOVER,ground,0,,84.0,-50.0
1789938621.0858927,1590,1.96,0,2,4,DOWN,hold,svm,0,0,0,hover,BACK,HOVER,ground,0,,83.0,0.0
1789938621.1251457,1591,8.1,0,2,4,DOWN,hold,svm,0,0,0,hover,BACK,HOVER,ground,0,,83.0,0.0
1789938621.1879447,1592,1.96,0,2,4,DOWN,hold,svm,0,0,0,hover,BACK,HOVER,ground,0,,83.0,0.0
1789938621.220889,1593,4.02,0,2,4,DOWN,hold,svm,0,0,0,hover,BACK,HOVER,ground,0,,83.0,0.0
1789938621.2521424,1594,2.03,0,2,4,DOWN,hold,svm,0,0,0,hover,BACK,HOVER,ground,0,,83.0,0.0
1789938621.285505,1595,2.03,0,2,4,DOWN,hold,svm,0,0,0,hover,BACK,HOVER,ground,0,,83.0,0.0
1789938621.327463,1596,10.97,0,2,4,DOWN,hold,svm,0,0,0,hover,BACK,HOVER,ground,0,,83.0,0.0
1789938621.3903668,1597,7.55,0,2,4,DOWN,hold,svm,0,0,0,hover,BACK,HOVER,ground,0,,83.0,0.0
1789938621.42208,1598,2.82,0,2,4,DOWN,hold,svm,0,0,0,hover,BACK,HOVER,ground,0,,83.0,0.0
1789938621.4678242,1599,39.71,0,2,4,DOWN,hold,svm,0,0,0,hover,BACK,HOVER,ground,0,,83.0,0.0
1789938621.4985309,1600,14.75,0,2,4,DOWN,hold,svm,0,0,0,hover,BACK,HOVER,ground,0,,83.0,0.0
1789938621.551466,1601,1.0,0,2,4,DOWN,hold,svm,0,0,0,hover,BACK,HOVER,ground,0,,83.0,0.0
1789938621.5913715,1602,5.56,0,2,4,DOWN,hold,svm,0,0,0,hover,BACK,HOVER,ground,0,,83.0,0.0
1789938621.6224077,1603,3.73,0,2,4,DOWN,hold,svm,0,0,0,hover,BACK,HOVER,ground,0,,83.0,0.0
1789938621.6549432,1604,3.99,0,2,4,DOWN,hold,svm,0,0,0,hover,BACK,HOVER,ground,0,,83.0,0.0
1789938621.731384,1605,11.97,0,2,4,DOWN,hold,svm,0,0,0,hover,BACK,HOVER,ground,0,,83.0,0.0
1789938621.7617319,1606,10.42,0,2,4,DOWN,hold,svm,0,0,0,hover,BACK,HOVER,ground,0,,83.0,0.0
1789938621.7926493,1607,8.01,0,2,4,DOWN,hold,svm,0,0,0,hover,BACK,HOVER,ground,0,,83.0,0.0
1789938621.8182106,1608,1.0,0,2,4,DOWN,hold,svm,0,0,0,hover,BACK,HOVER,ground,0,,83.0,0.0
1789938621.88451,1609,2.0,0,2,4,DOWN,hold,svm,0,0,0,hover,BACK,HOVER,ground,0,,83.0,0.0
1789938621.9183865,1610,0.0,0,2,4,DOWN,hold,svm,0,0,0,hover,BACK,HOVER,ground,0,,83.0,0.0
1789938621.9610589,1611,12.0,0,2,4,DOWN,hold,svm,0,0,0,hover,BACK,HOVER,ground,0,,83.0,0.0
1789938621.9921997,1612,7.3,0,2,4,DOWN,hold,svm,0,0,0,hover,BACK,HOVER,ground,0,,83.0,0.0
1789938622.0541463,1613,5.51,0,3,0,CENTER,settle,svm,0,0,0,hover,BACK,HOVER,ground,0,,83.0,0.0
1789938622.0870638,1614,4.99,0,3,0,CENTER,settle,svm,0,0,0,hover,BACK,HOVER,ground,0,,83.0,0.0
1789938622.1335995,1615,12.96,0,3,0,CENTER,settle,svm,0,0,0,hover,BACK,HOVER,ground,0,,83.0,0.0
1789938622.1527503,1616,1.54,0,3,0,CENTER,settle,svm,0,0,0,hover,BACK,HOVER,ground,0,,83.0,0.0
1789938622.225837,1617,7.65,0,3,0,CENTER,settle,svm,0,0,0,hover,BACK,HOVER,ground,0,,83.0,0.0
1789938622.2571843,1618,7.98,0,3,0,CENTER,settle,svm,0,0,0,hover,BACK,HOVER,ground,0,,83.0,0.0
1789938622.2881691,1619,3.75,0,3,0,CENTER,settle,svm,0,0,0,hover,BACK,HOVER,ground,0,,83.0,0.0
1789938622.3195622,1620,1.99,0,3,0,CENTER,settle,svm,0,0,0,hover,BACK,HOVER,ground,0,,83.0,0.0
1789938622.3862934,1621,1.99,0,3,0,CENTER,settle,svm,0,0,0,hover,BACK,HOVER,ground,0,,83.0,0.0
1789938622.4190924,1622,1.11,0,3,0,CENTER,settle,svm,0,0,0,hover,BACK,HOVER,ground,0,,83.0,0.0
1789938622.4525075,1623,20.6,0,3,0,CENTER,settle,svm,0,0,0,hover,BACK,HOVER,ground,0,,83.0,0.0
