t,seq,dt_s,fps_inst,frame_age_ms,camera_to_command_ms,command_exec_ms,command_exec_ms_ran,face_detect_ms,face_detect_ms_ran,face_id_ms_ran,flying,hand_detect_ms,hand_detect_ms_ran,mode,mode_manager_ms,mode_manager_ms_ran
1788460262.6928003,10,,,0.9973049163818359,0.10340000153519213,0.010899995686486363,1,,0,0,0,,0,land,0.055900003644637764,1
1788460262.7929614,22,0.10016107559204102,9.983918344417837,2.7251243591308594,44.273199993767776,0.006000002031214535,1,,0,0,0,44.222699987585656,1,land,0.02649999805726111,1
1788460262.8268702,40,0.033908843994140625,29.490831364607942,1.9598007202148438,0.07720000576227903,0.010800009476952255,1,,0,0,0,,0,land,0.038300000596791506,1
1788460262.8897018,45,0.06283164024353027,15.915548219401597,3.986835479736328,41.74909999710508,0.00549999822396785,1,10.604199997032993,1,0,0,31.10239999659825,1,land,0.020799998310394585,1
1788460262.9052749,62,0.01557302474975586,64.2136011512906,4.580497741699219,0.04710000939667225,0.006100002792663872,1,,0,0,0,,0,land,0.025500004994682968,1
1788460262.9543965,68,0.04912161827087402,20.357635501453665,2.198457717895508,31.600900008925237,0.0050000089686363935,1,,0,0,0,31.56420000595972,1,land,0.019799990695901215,1
1788460262.9671576,84,0.012761116027832031,78.3630520887826,0.9982585906982422,0.040099999750964344,0.005299996701069176,1,,0,0,0,,0,land,0.02030000905506313,1
1788460263.0135496,89,0.046391963958740234,21.55545733932224,0.9973049163818359,35.67579999798909,0.006200003554113209,1,6.271500009461306,1,0,0,29.369199997745454,1,land,0.021599989850074053,1
1788460263.0245202,109,0.010970592498779297,91.15277958882079,1.9943714141845703,0.06059999577701092,0.006600006599910557,1,,0,0,0,,0,land,0.033899996196851134,1
1788460263.0603025,114,0.0357823371887207,27.946749110486266,0.9970664978027344,24.341899988939986,0.005399997462518513,1,,0,0,0,24.301699988427572,1,land,0.02160000440198928,1
1788460263.0707188,127,0.010416269302368164,96.00366224907872,5.721330642700195,0.05339999916031957,0.008699993486516178,1,,0,0,0,,0,land,0.02710000262595713,1
1788460263.117772,128,0.04705333709716797,21.25247775593344,1.9948482513427734,32.8012999962084,0.00549999822396785,1,5.419099994469434,1,0,0,27.348400006303564,1,land,0.021100000594742596,1
1788460263.153642,129,0.03586983680725098,27.878576793464894,0.9973049163818359,0.03880000440403819,0.005199995939619839,1,,0,0,0,,0,land,0.01960000372491777,1
1788460263.2070074,130,0.053365468978881836,18.738709115359356,1.9943714141845703,20.413899997947738,0.00549999822396785,1,,0,0,0,20.376200001919642,1,land,0.02020000829361379,1
1788460263.2169826,131,0.009975194931030273,100.24866751117378,1.9962787628173828,0.0408000050811097,0.0052000104915350676,1,,0,0,0,,0,land,0.020699997548945248,1
1788460263.276066,132,0.05908346176147461,16.92521003655968,1.932382583618164,25.386299996171147,0.0048000074457377195,1,5.327000006218441,1,0,0,20.029399995109998,1,land,0.018699996871873736,1
1788460263.3210158,133,0.04494976997375488,22.247054892246982,1.9955635070800781,0.04820000322069973,0.00650000583846122,1,,0,0,0,,0,land,0.024299995857290924,1
1788460263.369507,134,0.04849123954772949,20.622281660086436,0.9934902191162109,19.54180000757333,0.004699992132373154,1,,0,0,0,19.509200006723404,1,land,0.017099999240599573,1
1788460263.386243,135,0.01673603057861328,59.75132486181549,0.5512237548828125,0.035599994589574635,0.0040000013541430235,1,,0,0,0,,0,land,0.0185999961104244,1
1788460263.4454887,136,0.05924558639526367,16.878894460228416,1.9974708557128906,25.231799998437054,0.006300004315562546,1,5.7268000091426075,1,0,0,19.45809999597259,1,land,0.032800002372823656,1
1788460263.4879904,137,0.04250168800354004,23.528477266990155,0.9968280792236328,0.042499988921917975,0.005699999746866524,1,,0,0,0,,0,land,0.021499989088624716,1
1788460263.540849,138,0.052858591079711914,18.918400577343768,0.9965896606445312,19.730699990759604,0.004699992132373154,1,,0,0,0,19.69279999320861,1,land,0.020100007532164454,1
1788460263.5558085,139,0.014959573745727539,66.8468244481632,1.9943714141845703,0.05080000846646726,0.00650000583846122,1,,0,0,0,,0,land,0.025999994250014424,1
1788460263.6111727,140,0.055364131927490234,18.062235696383507,0.9975433349609375,24.331299995537847,0.005399997462518513,1,4.780399991432205,1,0,0,19.51790000020992,1,land,0.020400009816512465,1
1788460263.662654,141,0.05148124694824219,19.424548923715314,2.122163772583008,0.048000001697801054,0.006400005077011883,1,,0,0,0,,0,land,0.025000001187436283,1
1788460263.6915753,142,0.02892136573791504,34.57651374634187,10.970830917358398,18.552299996372312,0.004699992132373154,1,,0,0,0,18.516900003305636,1,land,0.01890001294668764,1
1788460263.72049,143,0.028914690017700195,34.584496648169065,2.9916763305664062,0.04150001041125506,0.004999994416721165,1,,0,0,0,,0,land,0.020499996026046574,1
1788460263.7835255,144,0.06303548812866211,15.864079579409205,2.962350845336914,27.881599991815165,0.004699992132373154,1,4.52699999732431,1,0,0,23.324900001171045,1,land,0.0185999961104244,1
1788460263.8215652,145,0.0380396842956543,26.288335944844878,0.9982585906982422,0.043400010326877236,0.005599998985417187,1,,0,0,0,,0,land,0.023200002033263445,1
1788460263.872714,146,0.05114889144897461,19.55076584597313,0.9973049163818359,18.67859999765642,0.0047000066842883825,1,,0,0,0,18.643899995367974,1,land,0.0185999961104244,1
1788460263.8916364,147,0.01892232894897461,52.847617367638534,0.9973049163818359,0.046599991037510335,0.004999994416721165,1,,0,0,0,,0,land,0.02479999966453761,1
1788460263.9446297,148,0.0529932975769043,18.87031088316012,0.9970664978027344,27.51390000048559,0.007999988156370819,1,7.491700001992285,1,0,0,19.97300000221003,1,land,0.03090000245720148,1
1788460263.9899802,149,0.04535055160522461,22.0504484422808,1.9948482513427734,0.039399994420818985,0.0046000059228390455,1,,0,0,0,,0,land,0.020699997548945248,1
1788460264.0475767,150,0.057596445083618164,17.362182658117288,2.991199493408203,26.07900000293739,0.0052000104915350676,1,,0,0,0,26.0405000008177,1,land,0.020099992980249226,1
1788460264.0565524,151,0.008975744247436523,111.411374080272,3.988981246948242,0.03670000296551734,0.005299996701069176,1,,0,0,0,,0,land,0.018100006855092943,1
1788460264.1135561,152,0.05700373649597168,17.542709679578067,1.9943714141845703,25.311300007160753,0.005399997462518513,1,5.512999996426515,1,0,0,19.765300006838515,1,land,0.020499996026046574,1
1788460264.1554253,153,0.041869163513183594,23.88392592761315,2.317667007446289,0.06150000263005495,0.006700007361359894,1,,0,0,0,,0,land,0.03519999154377729,1
1788460264.2049928,154,0.049567461013793945,20.17452537505832,1.9919872283935547,17.9956000065431,0.004799992893822491,1,,0,0,0,17.96219999960158,1,land,0.017400001524947584,1
1788460264.221149,155,0.01615619659423828,61.89575585856797,1.0328292846679688,0.04539999645203352,0.006099988240748644,1,,0,0,0,,0,land,0.023200002033263445,1
1788460264.286862,156,0.06571292877197266,15.217705536608374,1.992940902709961,32.233899997663684,0.005599998985417187,1,6.067599999369122,1,0,0,26.131499995244667,1,land,0.021900006686337292,1
1788460264.3208592,157,0.033997297286987305,29.414102878782565,1.9948482513427734,0.03809999907389283,0.0047000066842883825,1,,0,0,0,,0,land,0.019099999917671084,1
1788460264.3784006,158,0.0575413703918457,17.378800560191593,1.9960403442382812,22.466699985670857,0.004699992132373154,1,,0,0,0,22.429699994972907,1,land,0.019400002202019095,1
1788460264.3876827,159,0.009282112121582031,107.73410048289325,3.9834976196289062,0.03609999839682132,0.004599991370923817,1,,0,0,0,,0,land,0.01890001294668764,1
1788460264.4480686,160,0.060385942459106445,16.56014561132673,1.997232437133789,28.462399990530685,0.005299996701069176,1,5.473900004290044,1,0,0,22.955599997658283,1,land,0.020499996026046574,1
1788460264.4914405,161,0.04337191581726074,23.056394469944756,1.9941329956054688,0.03949999518226832,0.005399997462518513,1,,0,0,0,,0,land,0.019800005247816443,1
1788460264.5436525,162,0.05221199989318848,19.15268524564712,1.9977092742919922,21.229999998467974,0.00549999822396785,1,,0,0,0,21.189599996432662,1,land,0.021500003640539944,1
1788460264.555623,163,0.01197052001953125,83.53855959209687,1.995086669921875,0.04470000567380339,0.0051000097300857306,1,,0,0,0,,0,land,0.023200002033263445,1
1788460264.6103327,164,0.054709672927856445,18.27830338738566,1.9955635070800781,25.251099999877624,0.004899993655271828,1,4.860600005486049,1,0,0,20.360700000310317,1,land,0.018300008377991617,1
1788460264.6543753,165,0.04404258728027344,22.705296435840804,2.027750015258789,0.0518000015290454,0.006099988240748644,1,,0,0,0,,0,land,0.02680000034160912,1
1788460264.684536,166,0.03016066551208496,33.15576705690774,3.953695297241211,20.458799990592524,0.0049000082071870565,1,,0,0,0,20.422599991434254,1,land,0.01889999839477241,1
1788460264.725459,167,0.040923118591308594,24.436065344550347,3.0248165130615234,0.04650000482797623,0.006200003554113209,1,,0,0,0,,0,land,0.024299995857290924,1
1788460264.7841434,168,0.058684349060058594,17.04031851791663,3.9877891540527344,26.564100000541657,0.0053000112529844046,1,5.2890999941155314,1,0,0,21.241399997961707,1,land,0.02130000211764127,1
1788460264.824416,169,0.04027247428894043,24.830855755853534,1.8656253814697266,0.04149999585933983,0.0049000082071870565,1,,0,0,0,,0,land,0.021499989088624716,1
1788460264.8768258,170,0.05240988731384277,19.080369206134026,4.957675933837891,20.506100001512095,0.004799992893822491,1,,0,0,0,20.470399991609156,1,land,0.01889999839477241,1
1788460264.88783,171,0.011004209518432617,90.87431480879644,1.0304450988769531,0.04230000195093453,0.005099995178170502,1,,0,0,0,,0,land,0.02160000440198928,1
1788460264.9476461,172,0.05981612205505371,16.717900887650615,2.1948814392089844,26.156700012506917,0.005599998985417187,1,5.302399993524887,1,0,0,20.82090001204051,1,land,0.020499996026046574,1
1788460264.988536,173,0.040889739990234375,24.45601268775072,0.0,0.057900004321709275,0.006700007361359894,1,,0,0,0,,0,land,0.031799994758330286,1
1788460265.042204,174,0.05366802215576172,18.63306974677921,1.9941329956054688,21.61569999589119,0.00790000194683671,1,,0,0,0,21.547999989707023,1,land,0.03369999467395246,1
1788460265.0571687,175,0.014964818954467773,66.8233944588717,2.9938220977783203,0.04320000880397856,0.006000002031214535,1,,0,0,0,,0,land,0.021500003640539944,1
1788460265.115384,176,0.05821537971496582,17.17759129797316,1.9931793212890625,26.715900006820448,0.006200003554113209,1,5.65380000625737,1,0,0,21.02569999988191,1,land,0.022299995180219412,1
1788460265.1655564,177,0.05017232894897461,19.93130518252407,9.635210037231445,0.03819999983534217,0.0044000043999403715,1,,0,0,0,,0,land,0.019500002963468432,1
1788460265.2113419,178,0.04578542709350586,21.841010633312155,1.9938945770263672,19.57030000630766,0.004999994416721165,1,,0,0,0,19.53420000791084,1,land,0.018699996871873736,1
1788460265.2240295,179,0.01268768310546875,78.81659651232712,1.9955635070800781,0.040399987483397126,0.004999994416721165,1,,0,0,0,,0,land,0.02099999983329326,1
1788460265.2836392,180,0.05960965156555176,16.775806832226092,0.9980201721191406,24.796500001684763,0.005599998985417187,1,5.090999999083579,1,0,0,19.672299997182563,1,land,0.01990000600926578,1
1788460265.323447,181,0.039807796478271484,25.12070720985111,2.028226852416992,0.04389999958220869,0.005900001269765198,1,,0,0,0,,0,land,0.022199994418770075,1
1788460265.3841805,182,0.06073355674743652,16.465362042907334,1.9938945770263672,23.876200008089654,0.004899993655271828,1,,0,0,0,23.83879999979399,1,land,0.019700004486367106,1
1788460265.391974,183,0.007793426513671875,128.3132648066569,1.0304450988769531,0.03759999526664615,0.005099995178170502,1,,0,0,0,,0,land,0.01920000067912042,1
1788460265.4541152,184,0.06214118003845215,16.092388322545744,1.9958019256591797,29.18149999459274,0.005699999746866524,1,5.872599998838268,1,0,0,23.27399999194313,1,land,0.021900006686337292,1
1788460265.4914794,185,0.03736424446105957,26.763554687749256,1.9927024841308594,0.0371999922208488,0.004899993655271828,1,,0,0,0,,0,land,0.019400002202019095,1
1788460265.545364,186,0.05388450622558594,18.558210328837916,0.99945068359375,23.973400006070733,0.005599998985417187,1,,0,0,0,23.933800010127015,1,land,0.021200001356191933,1
1788460265.5543385,187,0.008974552154541016,111.42617289198236,1.9941329956054688,0.037299992982298136,0.005099995178170502,1,,0,0,0,,0,land,0.01930000144056976,1
1788460265.6136076,188,0.05926918983459473,16.872172587321444,2.1278858184814453,24.479799991240725,0.005399997462518513,1,5.200200001127087,1,0,0,19.24739999230951,1,land,0.020100007532164454,1
1788460265.6546257,189,0.041018009185791016,24.379535229769473,0.9970664978027344,0.06799999391660094,0.012499993317760527,1,,0,0,0,,0,land,0.03330000618007034,1
1788460265.6832576,190,0.028631925582885742,34.9260477471251,2.99072265625,19.110599998384714,0.0045000051613897085,1,,0,0,0,19.076099997619167,1,land,0.01820000761654228,1
1788460265.7187145,191,0.03545689582824707,28.203258538028603,1.9981861114501953,0.04119999357499182,0.005299996701069176,1,,0,0,0,,0,land,0.021500003640539944,1
1788460265.781931,192,0.0632164478302002,15.818667994222116,0.9965896606445312,24.981700000353158,0.004799992893822491,1,4.956000004312955,1,0,0,19.994600006612018,1,land,0.01960000372491777,1
1788460265.78991,193,0.007979154586791992,125.32656049242537,0.0,0.03759999526664615,0.0044000043999403715,1,,0,0,0,,0,land,0.017400001524947584,1
1788460265.8807418,194,0.09083175659179688,11.009365419344,1.0004043579101562,23.45140000397805,0.0045000051613897085,1,,0,0,0,23.41819999855943,1,land,0.018000006093643606,1
1788460265.8917966,195,0.011054754257202148,90.4588176936183,1.9941329956054688,0.03959999594371766,0.00650000583846122,1,,0,0,0,,0,land,0.019500002963468432,1
1788460265.9520533,196,0.0602567195892334,16.595659485231568,1.9941329956054688,25.57830000296235,0.005599998985417187,1,4.906100002699532,1,0,0,20.63339999585878,1,land,0.025600005756132305,1
1788460265.9595437,197,0.007490396499633789,133.50428112168572,6.49261474609375,0.03270000161137432,0.00449999060947448,1,,0,0,0,,0,land,0.017099999240599573,1
1788460266.0416052,198,0.0820615291595459,12.18597813423361,1.9943714141845703,20.743499990203418,0.004699992132373154,1,,0,0,0,20.69340000161901,1,land,0.03290000313427299,1
1788460266.0555668,199,0.013961553573608398,71.62526682491163,1.9938945770263672,0.0594000011915341,0.00650000583846122,1,,0,0,0,,0,land,0.036699988413602114,1
1788460266.1157343,200,0.060167551040649414,16.62025431821874,1.0271072387695312,27.775099995778874,0.004999994416721165,1,7.0727999991504475,1,0,0,20.668800003477372,1,land,0.021500003640539944,1
1788460266.124677,201,0.008942604064941406,111.82425082649034,4.987001419067383,0.036299999919719994,0.004599991370923817,1,,0,0,0,,0,land,0.019099999917671084,1
1788460266.2066114,202,0.08193445205688477,12.204878105558434,0.9989738464355469,20.601300013368018,0.00449999060947448,1,,0,0,0,20.551800000248477,1,land,0.03290000313427299,1
1788460266.220577,203,0.013965606689453125,71.60447965036875,0.9975433349609375,0.04020000051241368,0.0051000097300857306,1,,0,0,0,,0,land,0.020499996026046574,1
1788460266.2794576,204,0.05888056755065918,16.98353194608099,0.9970664978027344,25.11159999994561,0.005099995178170502,1,5.193700009840541,1,0,0,19.887100002961233,1,land,0.020100007532164454,1
1788460266.2874362,205,0.007978677749633789,125.33405050052293,1.9946098327636719,0.035299992305226624,0.005099995178170502,1,,0,0,0,,0,land,0.01780000457074493,1
1788460266.3733134,206,0.0858771800994873,11.644536986909868,2.844095230102539,18.486499990103766,0.004599991370923817,1,,0,0,0,18.45139999932144,1,land,0.0185999961104244,1
1788460266.3882742,207,0.014960765838623047,66.84149800796813,1.9948482513427734,0.03789999755099416,0.005199995939619839,1,,0,0,0,,0,land,0.01920000067912042,1
1788460266.4442542,208,0.05597996711730957,17.863533179725465,1.9946098327636719,26.381099989521317,0.009099996532313526,1,6.700900004943833,1,0,0,19.62549999007024,1,land,0.031100003980100155,1
1788460266.452233,209,0.00797891616821289,125.33030538456941,1.9958019256591797,0.035299992305226624,0.0047000066842883825,1,,0,0,0,,0,land,0.017999991541728377,1
1788460266.539858,210,0.08762502670288086,11.412264710523882,1.9938945770263672,19.242599999415688,0.004799992893822491,1,,0,0,0,19.206800003303215,1,land,0.019099999917671084,1
1788460266.5579417,211,0.018083572387695312,55.29880814260099,2.991199493408203,0.05019998934585601,0.006499991286545992,1,,0,0,0,,0,land,0.025500004994682968,1
1788460266.6105754,212,0.05263376235961914,18.99921182087497,0.9965896606445312,25.83759999834001,0.0044000043999403715,1,5.1734000007854775,1,0,0,20.637099994928576,1,land,0.01679999695625156,1
1788460266.6205497,213,0.009974241256713867,100.2582526592566,1.9907951354980469,0.04020000051241368,0.005199995939619839,1,,0,0,0,,0,land,0.020899999071843922,1
1788460266.6844337,214,0.06388401985168457,15.65336687205401,1.9941329956054688,21.723600002587773,0.0051000097300857306,1,,0,0,0,21.686000007321127,1,land,0.01930000144056976,1
1788460266.7190516,215,0.03461790084838867,28.88678907422967,0.9973049163818359,0.03929999365936965,0.005099995178170502,1,,0,0,0,,0,land,0.02020000829361379,1
1788460266.779474,216,0.060422420501708984,16.550147969853608,1.9938945770263672,26.496899998164736,0.0050000089686363935,1,5.410199999460019,1,0,0,21.05460000166204,1,land,0.020199993741698563,1
1788460266.7874556,217,0.007981538772583008,125.28912387609404,5.98454475402832,0.03300000389572233,0.0048000074457377195,1,,0,0,0,,0,land,0.016299993149004877,1
1788460266.873995,218,0.08653950691223145,11.555415967578856,2.9888153076171875,20.000400007120334,0.0045000051613897085,1,,0,0,0,19.964899998740293,1,land,0.01889999839477241,1
1788460266.8842611,219,0.01026606559753418,97.40830023920667,1.995086669921875,0.037299992982298136,0.004799992893822491,1,,0,0,0,,0,land,0.018400009139440954,1
1788460266.952848,220,0.06858682632446289,14.580059372762223,0.9932518005371094,32.54499999457039,0.005399997462518513,1,6.487999999080785,1,0,0,26.02370000386145,1,land,0.0202999945031479,1
1788460266.9624128,221,0.009564876556396484,104.54917991923824,12.88914680480957,0.032199997804127634,0.004199988325126469,1,,0,0,0,,0,land,0.016000005416572094,1
1788460267.0410383,222,0.07862544059753418,12.718529681999158,2.7277469635009766,20.87530000426341,0.0044000043999403715,1,,0,0,0,20.842900004936382,1,land,0.016699996194802225,1
1788460267.0528948,223,0.011856555938720703,84.34152423084657,1.649618148803711,0.045599997974932194,0.006000002031214535,1,,0,0,0,,0,land,0.02269999822601676,1
1788460267.112168,224,0.05927324295043945,16.871018864888782,1.99127197265625,26.093699998455122,0.006000002031214535,1,5.447299990919419,1,0,0,20.611700005247258,1,land,0.021899992134422064,1
1788460267.1221418,225,0.009973764419555664,100.26304592068463,6.981849670410156,0.034200013033114374,0.004799992893822491,1,,0,0,0,,0,land,0.01790000533219427,1
1788460267.204541,226,0.08239912986755371,12.136050485088555,0.9973049163818359,19.86889999534469,0.005599998985417187,1,,0,0,0,19.829099997878075,1,land,0.020899999071843922,1
1788460267.21901,227,0.014469146728515625,69.11257579752176,0.0,0.038300000596791506,0.004599991370923817,1,,0,0,0,,0,land,0.019700004486367106,1
1788460267.277056,228,0.05804586410522461,17.227756282294568,1.9931793212890625,25.83180001238361,0.004699992132373154,1,6.141999998362735,1,0,0,19.660600009956397,1,land,0.0185999961104244,1
1788460267.2865386,229,0.009482622146606445,105.45606315842406,2.9909610748291016,0.03509999078232795,0.005099995178170502,1,,0,0,0,,0,land,0.01790000533219427,1
1788460267.372885,230,0.08634638786315918,11.58126037171108,1.9948482513427734,20.971499994629994,0.0048000074457377195,1,,0,0,0,20.93639998929575,1,land,0.018099992303177714,1
1788460267.3834693,231,0.010584354400634766,94.47907374870478,1.0917186737060547,0.0543000060133636,0.007200011168606579,1,,0,0,0,,0,land,0.02849999873433262,1
1788460267.4416213,232,0.058151960372924805,17.196324828725704,0.9970664978027344,25.12859999842476,0.00549999822396785,1,5.01369999255985,1,0,0,20.082700008060783,1,land,0.020000006770715117,1
1788460267.4514916,233,0.009870290756225586,101.31413802265756,2.9954910278320312,0.03700000524986535,0.0045000051613897085,1,,0,0,0,,0,land,0.018799997633323073,1
1788460267.5382428,234,0.08675122261047363,11.527215062894896,0.9973049163818359,20.761399995535612,0.005299996701069176,1,,0,0,0,20.723499997984618,1,land,0.0202999945031479,1
1788460267.552205,235,0.013962268829345703,71.621597623032,2.992391586303711,0.06299999949987978,0.00829999044071883,1,,0,0,0,,0,land,0.032800002372823656,1
1788460267.6127868,236,0.06058168411254883,16.50663917071366,1.9927024841308594,27.178100004675798,0.008500006515532732,1,6.447499996284023,1,0,0,20.684500006609596,1,land,0.028299997211433947,1
1788460267.6267483,237,0.013961553573608398,71.62526682491163,11.96742057800293,0.05509999755304307,0.00689999433234334,1,,0,0,0,,0,land,0.027400004910305142,1
1788460267.6844993,238,0.05775094032287598,17.315735370007225,0.9977817535400391,21.110700006829575,0.005299996701069176,1,,0,0,0,21.069000009447336,1,land,0.02230000973213464,1
1788460267.7164135,239,0.03191423416137695,31.33398078560863,1.9943714141845703,0.04369999805931002,0.006000002031214535,1,,0,0,0,,0,land,0.02130000211764127,1
1788460267.783819,240,0.06740546226501465,14.835592938571514,0.9984970092773438,30.508099996950477,0.00890000956133008,1,6.13310000335332,1,0,0,24.326300001121126,1,land,0.030199997127056122,1
1788460267.7937915,241,0.009972572326660156,100.27503107965956,10.968446731567383,0.03170000854879618,0.004299989086575806,1,,0,0,0,,0,land,0.016700010746717453,1
1788460267.868889,242,0.07509756088256836,13.31601170860557,0.9970664978027344,19.3820999993477,0.005199995939619839,1,,0,0,0,19.344800006365404,1,land,0.018799997633323073,1
1788460267.8877876,243,0.018898487091064453,52.9142885978856,1.9938945770263672,0.041100007365457714,0.0049000082071870565,1,,0,0,0,,0,land,0.021200001356191933,1
1788460267.9460373,244,0.058249711990356445,17.167466856583864,1.9919872283935547,25.649999995948747,0.0048000074457377195,1,5.256099990219809,1,0,0,20.363000003271736,1,land,0.018999999156221747,1
1788460267.9561918,245,0.010154485702514648,98.47864572327487,5.833148956298828,0.03460000152699649,0.0045000051613897085,1,,0,0,0,,0,land,0.0185999961104244,1
1788460268.037589,246,0.08139729499816895,12.285420541585507,0.9970664978027344,20.68190000136383,0.0042000028770416975,1,,0,0,0,20.64819999213796,1,land,0.018300008377991617,1
1788460268.0502262,247,0.012637138366699219,79.13183910648253,0.0,0.04539999645203352,0.00549999822396785,1,,0,0,0,,0,land,0.02379999205004424,1
1788460268.1116698,248,0.06144356727600098,16.275096716114437,2.9914379119873047,25.70650000416208,0.0049000082071870565,1,5.420300003606826,1,0,0,20.25549999962095,1,land,0.01920000067912042,1
1788460268.1199405,249,0.008270740509033203,120.90815797059672,5.279064178466797,0.03159999323543161,0.0044000043999403715,1,,0,0,0,,0,land,0.016399993910454214,1
1788460268.204047,250,0.0841064453125,11.889695210449927,2.0303726196289062,19.54370000748895,0.004199988325126469,1,,0,0,0,19.509000005200505,1,land,0.019400002202019095,1
1788460268.218406,251,0.014358997344970703,69.64274565802145,2.028942108154297,0.055899989092722535,0.005399997462518513,1,,0,0,0,,0,land,0.035899996873922646,1
1788460268.2790256,252,0.06061959266662598,16.496316718910393,1.440286636352539,26.509999996051192,0.005299996701069176,1,5.69819999509491,1,0,0,20.779200000106357,1,land,0.02020000829361379,1
1788460268.2884736,253,0.009448051452636719,105.84192994852124,5.492210388183594,0.03199999628122896,0.0044000043999403715,1,,0,0,0,,0,land,0.016299993149004877,1
1788460268.3710535,254,0.0825798511505127,12.10949143244843,1.0330677032470703,20.302999997511506,0.0046000059228390455,1,,0,0,0,20.268000007490627,1,land,0.018999999156221747,1
1788460268.3826108,255,0.011557340621948242,86.52509541000516,0.6010532379150391,0.0371999922208488,0.004799992893822491,1,,0,0,0,,0,land,0.018999999156221747,1
1788460268.442834,256,0.06022310256958008,16.60492331567654,2.033233642578125,24.765399997704662,0.0052000104915350676,1,5.199700011871755,1,0,0,19.53369998955168,1,land,0.01999999221879989,1
1788460268.4528387,257,0.010004758834838867,99.95243428734838,5.017280578613281,0.03330000618007034,0.0048000074457377195,1,,0,0,0,,0,land,0.01720000000204891,1
1788460268.538406,258,0.08556723594665527,11.686716170467685,1.0027885437011719,20.34319999802392,0.004799992893822491,1,,0,0,0,20.307500002672896,1,land,0.018799997633323073,1
1788460268.5553405,259,0.016934633255004883,59.050584972335244,1.995086669921875,0.038300000596791506,0.005099995178170502,1,,0,0,0,,0,land,0.01930000144056976,1
1788460268.612133,260,0.056792497634887695,17.607959530656366,0.9963512420654297,27.2259000048507,0.0049000082071870565,1,5.230900002061389,1,0,0,21.96389999880921,1,land,0.019799990695901215,1
1788460268.620645,261,0.008512020111083984,117.4809254383508,4.439592361450195,0.03409999771974981,0.0048000074457377195,1,,0,0,0,,0,land,0.01789999078027904,1
1788460268.6875443,262,0.06689929962158203,14.94783959856876,1.9943714141845703,23.398600009386428,0.004799992893822491,1,,0,0,0,23.36220000870526,1,land,0.01889999839477241,1
1788460268.7206886,263,0.033144235610961914,30.171158923009415,1.996755599975586,0.06760000542271882,0.005400012014433742,1,,0,0,0,,0,land,0.04239998816046864,1
1788460268.7763176,264,0.05562901496887207,17.97623057966356,2.025127410888672,25.11269999376964,0.004899993655271828,1,5.179999992833473,1,0,0,19.902000000001863,1,land,0.019400002202019095,1
1788460268.7852957,265,0.008978128433227539,111.38178824654115,2.9926300048828125,0.03370000922586769,0.0048000074457377195,1,,0,0,0,,0,land,0.017700003809295595,1
1788460268.8749018,266,0.08960604667663574,11.159961153165618,1.0342597961425781,20.007200000691228,0.004599991370923817,1,,0,0,0,19.97119998850394,1,land,0.019500002963468432,1
1788460268.8871489,267,0.012247085571289062,81.65207911540259,1.9943714141845703,0.05500001134350896,0.006900008884258568,1,,0,0,0,,0,land,0.029999995604157448,1
1788460268.9431124,268,0.05596351623535156,17.868784295013803,0.9934902191162109,25.755300011951476,0.004799992893822491,1,5.307200000970624,1,0,0,20.4171000077622,1,land,0.019800005247816443,1
1788460268.9526594,269,0.009546995162963867,104.74499912593961,4.8980712890625,0.032199997804127634,0.0045000051613897085,1,,0,0,0,,0,land,0.016599995433352888,1
1788460269.0367947,270,0.08413529396057129,11.88561842392367,1.9962787628173828,20.55280000786297,0.0047000066842883825,1,,0,0,0,20.51670000946615,1,land,0.019099999917671084,1
1788460269.0488245,271,0.012029886245727539,83.12630556711656,0.5464553833007812,0.04030000127386302,0.005699999746866524,1,,0,0,0,,0,land,0.02030000905506313,1
1788460269.112113,272,0.06328845024108887,15.800671310335995,1.0333061218261719,25.42570000514388,0.00589998671784997,1,5.25010000274051,1,0,0,20.13710000028368,1,land,0.024200009647756815,1
1788460269.1216855,273,0.009572505950927734,104.46585305105853,5.963563919067383,0.034199998481199145,0.0048000074457377195,1,,0,0,0,,0,land,0.01750000228639692,1
1788460269.203782,274,0.08209657669067383,12.180775865573942,1.995086669921875,19.767900012084283,0.004799992893822491,1,,0,0,0,19.731300009880215,1,land,0.020000006770715117,1
1788460269.2184453,275,0.014663219451904297,68.1978472244805,1.993417739868164,0.04369999805931002,0.00549999822396785,1,,0,0,0,,0,land,0.02200000744778663,1
1788460269.2750943,276,0.056648969650268555,17.65257172678796,0.9973049163818359,25.88159999868367,0.005599998985417187,1,5.377800000132993,1,0,0,20.468000002438203,1,land,0.022599997464567423,1
1788460269.284647,277,0.009552717208862305,104.6822572191579,1.506805419921875,0.03619999915827066,0.0047000066842883825,1,,0,0,0,,0,land,0.018799997633323073,1
1788460269.3733616,278,0.088714599609375,11.272101823185414,0.9970664978027344,20.390300007420592,0.0052000104915350676,1,,0,0,0,20.353300002170727,1,land,0.019799990695901215,1
1788460269.3870492,279,0.013687610626220703,73.05877024908553,2.1333694458007812,0.036900004488416016,0.00449999060947448,1,,0,0,0,,0,land,0.01960000372491777,1
1788460269.4461026,280,0.05905342102050781,16.933819967055328,1.7921924591064453,29.77709998958744,0.004799992893822491,1,4.683200008003041,1,0,0,25.064599991310388,1,land,0.018600010662339628,1
1788460269.4550788,281,0.008976221084594727,111.40545565619273,5.98454475402832,0.03519999154377729,0.004899993655271828,1,,0,0,0,,0,land,0.018100006855092943,1
1788460269.5413368,282,0.0862579345703125,11.593136387758712,1.993417739868164,19.679100005305372,0.004699992132373154,1,,0,0,0,19.64179999777116,1,land,0.01990000600926578,1
1788460269.5513098,283,0.00997304916381836,100.2702366722448,0.9975433349609375,0.04120000812690705,0.0052000104915350676,1,,0,0,0,,0,land,0.02099999983329326,1
1788460269.6077416,284,0.05643177032470703,17.720514423808154,2.9916763305664062,24.842899991199374,0.004899993655271828,1,5.366800003685057,1,0,0,19.444399993517436,1,land,0.020000006770715117,1
1788460269.617714,285,0.009972333908081055,100.27742845530399,0.9970664978027344,0.03749999450519681,0.004999994416721165,1,,0,0,0,,0,land,0.01889999839477241,1
1788460269.6855228,286,0.06780886650085449,14.74733396387622,2.002239227294922,21.345300003304146,0.005599998985417187,1,,0,0,0,21.30330000363756,1,land,0.022100008209235966,1
1788460269.720892,287,0.035369157791137695,28.27322058119704,2.501964569091797,0.03979999746661633,0.004999994416721165,1,,0,0,0,,0,land,0.02020000829361379,1
1788460269.7772112,288,0.056319236755371094,17.755922445178225,0.9980201721191406,25.908600000548176,0.0047000066842883825,1,5.036799993831664,1,0,0,20.842900004936382,1,land,0.01789999078027904,1
1788460269.785641,289,0.008429765701293945,118.62725910003677,4.040718078613281,0.03060000017285347,0.0044000043999403715,1,,0,0,0,,0,land,0.015600002370774746,1
1788460269.8784425,290,0.09280157089233398,10.775679661286924,1.0294914245605469,28.584400002728216,0.0048000074457377195,1,,0,0,0,28.54739999747835,1,land,0.020099992980249226,1
1788460269.8894138,291,0.010971307754516602,91.14683703848577,3.9911270141601562,0.0340000115102157,0.004899993655271828,1,,0,0,0,,0,land,0.017700003809295595,1
1788460269.944118,292,0.05470418930053711,18.280135631041727,0.9970664978027344,26.103799988050014,0.005399997462518513,1,5.604300007689744,1,0,0,20.464299988816492,1,land,0.022299995180219412,1
1788460269.9570832,293,0.012965202331542969,77.12953291651343,0.9973049163818359,0.03929999365936965,0.005199995939619839,1,,0,0,0,,0,land,0.02059999678749591,1
1788460270.0351455,294,0.07806229591369629,12.810281689710674,1.9905567169189453,20.0743000023067,0.005199995939619839,1,,0,0,0,20.036600006278604,1,land,0.019500002963468432,1
1788460270.052099,295,0.016953468322753906,58.98498059290094,1.9943714141845703,0.04270000499673188,0.0052000104915350676,1,,0,0,0,,0,land,0.022499996703118086,1
1788460270.1064641,296,0.05436515808105469,18.394133950812193,1.0421276092529297,25.93999999226071,0.005399997462518513,1,5.587200008449145,1,0,0,20.305999991251156,1,land,0.03470000228844583,1
1788460270.1178062,297,0.011342048645019531,88.16749348356176,1.0004043579101562,0.05390000296756625,0.005199995939619839,1,,0,0,0,,0,land,0.034500000765547156,1
1788460270.2051494,298,0.08734321594238281,11.44908610486319,1.1103153228759766,20.92770001036115,0.004999994416721165,1,,0,0,0,20.891100008157082,1,land,0.019099999917671084,1
1788460270.2167659,299,0.01161646842956543,86.08468279867824,0.9980201721191406,0.03860000288113952,0.0046000059228390455,1,,0,0,0,,0,land,0.019899991457350552,1
1788460270.2767859,300,0.06001996994018555,16.66112130673467,2.027273178100586,24.90849999594502,0.005599998985417187,1,5.501399995409884,1,0,0,19.374600000446662,1,land,0.020000006770715117,1
1788460270.2857943,301,0.009008407592773438,111.00741054414567,1.0292530059814453,0.06269999721553177,0.007199996616691351,1,,0,0,0,,0,land,0.024199995095841587,1
1788460270.3761244,302,0.09033012390136719,11.070504022466691,0.0,22.48210000107065,0.004299989086575806,1,,0,0,0,22.44980000250507,1,land,0.017300000763498247,1
1788460270.384139,303,0.008014678955078125,124.77106139933365,1.0313987731933594,0.03539999306667596,0.005099995178170502,1,,0,0,0,,0,land,0.018100006855092943,1
1788460270.4440687,304,0.059929609298706055,16.68624260531582,1.0280609130859375,26.263900013873354,0.013500000932253897,1,5.462000000989065,1,0,0,20.721000008052215,1,land,0.05220000457484275,1
1788460270.4540787,305,0.010010004043579102,99.90005954507562,3.930330276489258,0.037299992982298136,0.0045000051613897085,1,,0,0,0,,0,land,0.0185999961104244,1
1788460270.5355904,306,0.0815117359161377,12.268172046155872,1.962423324584961,19.269500000518747,0.0046000059228390455,1,,0,0,0,19.2347999982303,1,land,0.017999991541728377,1
1788460270.5527613,307,0.01717090606689453,58.23804498750347,1.2123584747314453,0.03999999898951501,0.0051000097300857306,1,,0,0,0,,0,land,0.019899991457350552,1
1788460270.6134906,308,0.060729265213012695,16.466525595072177,1.9953250885009766,27.82029999070801,0.005800000508315861,1,6.142199999885634,1,0,0,21.640599996317178,1,land,0.023599990527145565,1
1788460270.624462,309,0.010971307754516602,91.14683703848577,10.971307754516602,0.049300011596642435,0.006800008122809231,1,,0,0,0,,0,land,0.025399989681318402,1
1788460270.6921382,310,0.06767630577087402,14.776220253298339,0.9973049163818359,21.253400002024136,0.0046000059228390455,1,,0,0,0,21.216300010564737,1,land,0.020199993741698563,1
1788460270.716582,311,0.024443864822387695,40.91006096074128,1.9953250885009766,0.04239998816046864,0.005199995939619839,1,,0,0,0,,0,land,0.021800005924887955,1
1788460270.7785003,312,0.06191825866699219,16.15032498536796,1.9946098327636719,25.649500006693415,0.0048000074457377195,1,4.8907000018516555,1,0,0,20.72780000162311,1,land,0.019700004486367106,1
1788460270.7884734,313,0.00997304916381836,100.2702366722448,5.984306335449219,0.035500008380040526,0.0049000082071870565,1,,0,0,0,,0,land,0.017400001524947584,1
1788460270.868692,314,0.08021855354309082,12.465944047006934,1.9943714141845703,20.51210000354331,0.005400012014433742,1,,0,0,0,20.46899999550078,1,land,0.022499996703118086,1
1788460270.8836515,315,0.014959573745727539,66.8468244481632,1.9943714141845703,0.05360000068321824,0.0047000066842883825,1,,0,0,0,,0,land,0.03409999771974981,1
1788460270.945736,316,0.06208443641662598,16.107096362917193,1.5034675598144531,26.64809999987483,0.005800000508315861,1,5.642799995257519,1,0,0,20.972900005290285,1,land,0.019800005247816443,1
1788460270.9557085,317,0.009972572326660156,100.27503107965956,2.9914379119873047,0.05019998934585601,0.006300004315562546,1,,0,0,0,,0,land,0.02540000423323363,1
1788460271.0356612,318,0.07995271682739258,12.50739236490073,1.995086669921875,19.753999993554316,0.004599991370923817,1,,0,0,0,19.71959999355022,1,land,0.018600010662339628,1
1788460271.052619,319,0.016957759857177734,58.97005314512274,1.9955635070800781,0.041399995097890496,0.005099995178170502,1,,0,0,0,,0,land,0.021500003640539944,1
1788460271.1113367,320,0.05871772766113281,17.030631801201885,0.9975433349609375,25.384699998539872,0.005699999746866524,1,5.2604999946197495,1,0,0,20.090100006200373,1,land,0.021500003640539944,1
1788460271.12131,321,0.009973287582397461,100.26783964045804,4.986763000488281,0.032199997804127634,0.0046000059228390455,1,,0,0,0,,0,land,0.016299993149004877,1
1788460271.200741,322,0.07943105697631836,12.589534094933935,1.9953250885009766,19.92590000736527,0.0045000051613897085,1,,0,0,0,19.893000004231,1,land,0.017099999240599573,1
1788460271.2176964,323,0.01695537567138672,58.97834523876484,0.9975433349609375,0.04060000355821103,0.00549999822396785,1,,0,0,0,,0,land,0.021700005163438618,1
1788460271.274534,324,0.05683755874633789,17.593999848989487,0.9958744049072266,24.961000002804212,0.005299996701069176,1,5.255900003248826,1,0,0,19.67270000022836,1,land,0.020399995264597237,1
1788460271.2841303,325,0.00959634780883789,104.20631055900621,0.5125999450683594,0.034199998481199145,0.004699992132373154,1,,0,0,0,,0,land,0.017400001524947584,1
1788460282.0674973,489,10.783366918563843,0.09273541441666742,22.472620010375977,3927.1603999950457,3907.7907000028063,1,,0,0,0,19.338899990543723,1,land,0.018600010662339628,1
1788460282.076733,583,0.009235858917236328,108.27363312509681,29.215335845947266,0.03229999856557697,0.005800000508315861,1,,0,0,0,,0,land,0.015300000086426735,1
1788460282.1101625,584,0.03342938423156738,29.913802571801472,2.7730464935302734,24.739700005738996,0.005199995939619839,1,5.183000001125038,1,0,0,19.52450000680983,1,land,0.02020000829361379,1
1788460282.1191535,585,0.008991003036499023,111.22229588183819,0.9980201721191406,0.03640000068116933,0.004999994416721165,1,,0,0,0,,0,land,0.01850000990089029,1
1788460282.1693861,586,0.050232648849487305,19.90737145867645,1.9943714141845703,19.00450000539422,0.004599991370923817,1,,0,0,0,18.97030000691302,1,land,0.018000006093643606,1
1788460282.215264,587,0.045877933502197266,21.79697130325424,0.9946823120117188,0.03600001218728721,0.004799992893822491,1,,0,0,0,,0,land,0.018399994587525725,1
1788460282.2818542,588,0.0665900707244873,15.017253910683532,8.010625839233398,26.11089999845717,0.007599999662488699,1,6.262099996092729,1,0,0,19.806700001936406,1,land,0.025200002710334957,1
1788460282.291828,589,0.009973764419555664,100.26304592068463,7.9784393310546875,0.035500008380040526,0.0048000074457377195,1,,0,0,0,,0,land,0.017999991541728377,1
1788460282.3355343,590,0.043706417083740234,22.87993541277998,2.9921531677246094,18.607399993925355,0.0044000043999403715,1,,0,0,0,18.572999993921258,1,land,0.0185999961104244,1
1788460282.3844347,591,0.04890036582946777,20.449744762387677,2.0270347595214844,0.03780001134146005,0.004599991370923817,1,,0,0,0,,0,land,0.01920000067912042,1
1788460282.4436193,592,0.05918455123901367,16.896301130366826,1.997232437133789,24.933900000178255,0.0053000112529844046,1,5.309800006216392,1,0,0,19.591699994634837,1,land,0.019899991457350552,1
1788460282.4537723,593,0.010153055191040039,98.4925208406716,1.8627643585205078,0.033899996196851134,0.004599991370923817,1,,0,0,0,,0,land,0.01720000000204891,1
1788460282.5037515,594,0.049979209899902344,20.00831949930353,0.9984970092773438,19.866299990098923,0.0044000043999403715,1,,0,0,0,19.832399993902072,1,land,0.017699989257380366,1
1788460282.5508566,595,0.04710507392883301,21.229135560020854,2.03704833984375,0.03989999822806567,0.0053000112529844046,1,,0,0,0,,0,land,0.019899991457350552,1
1788460282.6090963,596,0.05823969841003418,17.17041858561048,0.9980201721191406,25.83980000053998,0.008000002708286047,1,5.539499994483776,1,0,0,20.239400007994846,1,land,0.04269999044481665,1
1788460282.6200662,597,0.010969877243041992,91.15872291408576,4.984855651855469,0.0357000099029392,0.005199995939619839,1,,0,0,0,,0,land,0.01819999306462705,1
1788460282.6729224,598,0.0528562068939209,18.919253929948802,2.9916763305664062,20.06959999562241,0.0041000021155923605,1,,0,0,0,20.037499998579733,1,land,0.017400001524947584,1
1788460282.6963665,599,0.023444175720214844,42.65451734938779,1.9946098327636719,0.03840000135824084,0.0049000082071870565,1,,0,0,0,,0,land,0.01959998917300254,1
1788460282.7776923,600,0.08132576942443848,12.29622550241128,1.995086669921875,24.819600002956577,0.005699999746866524,1,5.049600003985688,1,0,0,19.736700007342733,1,land,0.02099999983329326,1
1788460282.7876658,601,0.009973526000976562,100.26544272327405,3.9892196655273438,0.033899996196851134,0.0044000043999403715,1,,0,0,0,,0,land,0.017099999240599573,1
1788460282.8370056,602,0.04933977127075195,20.267625370869695,0.9980201721191406,21.590100004686974,0.0047000066842883825,1,,0,0,0,21.554100007051602,1,land,0.019400002202019095,1
1788460282.8503556,603,0.01335000991821289,74.90631139050612,1.0762214660644531,0.03840000135824084,0.0051000097300857306,1,,0,0,0,,0,land,0.01920000067912042,1
1788460282.9467745,604,0.09641885757446289,10.371415147993373,1.9938945770263672,27.72289999120403,0.0045000051613897085,1,5.451400007586926,1,0,0,22.241899991058744,1,land,0.018799997633323073,1
1788460282.9553761,605,0.008601665496826172,116.25655524142137,4.918813705444336,0.031499992473982275,0.004599991370923817,1,,0,0,0,,0,land,0.016000005416572094,1
1788460283.002396,606,0.04701995849609375,21.26756449780951,0.9968280792236328,21.52189999469556,0.0045000051613897085,1,,0,0,0,21.486999990884215,1,land,0.01829999382607639,1
1788460283.0213454,607,0.018949270248413086,52.77248078108683,2.99072265625,0.04239998816046864,0.004999994416721165,1,,0,0,0,,0,land,0.02239999594166875,1
1788460283.1153395,608,0.093994140625,10.638961038961039,3.988027572631836,26.793800003360957,0.009400013368576765,1,6.501600000774488,1,0,0,20.232000009855255,1,land,0.037999998312443495,1
1788460283.1253114,609,0.009971857070922852,100.28222355050806,8.974790573120117,0.03640000068116933,0.0052000104915350676,1,,0,0,0,,0,land,0.018099992303177714,1
1788460283.1757166,610,0.050405263900756836,19.839197786344393,1.995086669921875,22.54720000200905,0.0048000074457377195,1,,0,0,0,22.509899994474836,1,land,0.0202999945031479,1
1788460283.1866868,611,0.010970115661621094,91.15674171955142,4.986286163330078,0.03919999289792031,0.00549999822396785,1,,0,0,0,,0,land,0.02020000829361379,1
1788460283.2757585,612,0.08907175064086914,11.22690407233521,0.9937286376953125,25.981400001910515,0.004999994416721165,1,5.437999992864206,1,0,0,20.50900000904221,1,land,0.022200008970685303,1
1788460283.2867296,613,0.0109710693359375,91.14881780250347,2.9916763305664062,0.03880000440403819,0.0050000089686363935,1,,0,0,0,,0,land,0.02059999678749591,1
1788460283.3397985,614,0.05306887626647949,18.843436498986915,3.460407257080078,20.965100004104897,0.0046000059228390455,1,,0,0,0,20.931400009430945,1,land,0.017700003809295595,1
1788460283.3497717,615,0.009973287582397461,100.26783964045804,0.9963512420654297,0.03360000846441835,0.004199988325126469,1,,0,0,0,,0,land,0.017400001524947584,1
1788460283.448573,616,0.0988013744354248,10.121316689309682,1.9941329956054688,29.894499995862134,0.00549999822396785,1,5.7108999899355695,1,0,0,24.14890000363812,1,land,0.02160000440198928,1
1788460283.4585462,617,0.00997304916381836,100.2702366722448,9.97304916381836,0.03880000440403819,0.005699999746866524,1,,0,0,0,,0,land,0.01930000144056976,1
1788460283.511166,618,0.05261993408203125,19.004204726692766,2.9828548431396484,24.2798999970546,0.00689999433234334,1,,0,0,0,24.220799998147413,1,land,0.02780000795610249,1
1788460283.5221362,619,0.010970115661621094,91.15674171955142,5.9833526611328125,0.03750000905711204,0.0052000104915350676,1,,0,0,0,,0,land,0.01930000144056976,1
1788460283.615518,620,0.09338188171386719,10.708715455789537,2.9904842376708984,27.50299999024719,0.005599998985417187,1,5.727399999159388,1,0,0,21.73949999269098,1,land,0.02239999594166875,1
1788460283.6259625,621,0.010444402694702148,95.74506357431461,7.487297058105469,0.037699996028095484,0.004999994416721165,1,,0,0,0,,0,land,0.01960000372491777,1
1788460283.6779044,622,0.051941871643066406,19.252290461764435,2.9942989349365234,21.99320000363514,0.004999994416721165,1,,0,0,0,21.955400006845593,1,land,0.020400009816512465,1
1788460283.6878777,623,0.009973287582397461,100.26783964045804,26.876211166381836,0.03680000372696668,0.004999994416721165,1,,0,0,0,,0,land,0.01890001294668764,1
1788460283.7796915,624,0.09181380271911621,10.891608564120542,1.9938945770263672,27.929100004257634,0.0053000112529844046,1,5.5693999893264845,1,0,0,22.328000006382354,1,land,0.019499988411553204,1
1788460283.7886674,625,0.008975982666015625,111.40841478963026,5.969762802124023,0.03569999535102397,0.0045000051613897085,1,,0,0,0,,0,land,0.01889999839477241,1
1788460283.838776,626,0.05010867118835449,19.956625795185825,1.542806625366211,21.4723000099184,0.0046000059228390455,1,,0,0,0,21.437200004584156,1,land,0.0185999961104244,1
1788460283.8525956,627,0.013819456100463867,72.36174801166261,3.9916038513183594,0.05679999594576657,0.007499998901039362,1,,0,0,0,,0,land,0.029999995604157448,1
1788460283.9412262,628,0.08863067626953125,11.2827752431781,0.9946823120117188,25.500100004137494,0.005400012014433742,1,5.431900004623458,1,0,0,20.034200002555735,1,land,0.021199986804276705,1
1788460283.951199,629,0.009972810745239258,100.27263381864257,1.0290145874023438,0.03860000288113952,0.0051000097300857306,1,,0,0,0,,0,land,0.019499988411553204,1
1788460284.0108857,630,0.05968666076660156,16.754162272712747,7.979154586791992,19.750100007513538,0.00549999822396785,1,,0,0,0,19.712100009201095,1,land,0.02030000905506313,1
1788460284.0208597,631,0.009974002838134766,100.26064923268154,7.980585098266602,0.034899989259429276,0.00549999822396785,1,,0,0,0,,0,land,0.017099999240599573,1
1788460284.1116457,632,0.09078598022460938,11.014916593134165,1.9962787628173828,27.437400000053458,0.005900001269765198,1,5.691700003808364,1,0,0,21.7108999931952,1,land,0.021200001356191933,1
1788460284.120621,633,0.00897526741027832,111.41729313321822,5.982398986816406,0.03029999788850546,0.004199988325126469,1,,0,0,0,,0,land,0.015199999324977398,1
1788460284.1712513,634,0.05063033103942871,19.751006550228624,1.9948482513427734,19.634800002677366,0.005099995178170502,1,,0,0,0,19.598500002757646,1,land,0.019400002202019095,1
1788460284.1862094,635,0.01495814323425293,66.85321729705606,1.9919872283935547,0.04199999966658652,0.0052000104915350676,1,,0,0,0,,0,land,0.021599989850074053,1
1788460284.2785447,636,0.09233522415161133,10.830103128986114,5.983114242553711,23.94060000369791,0.004899993655271828,1,5.041199998231605,1,0,0,18.8689000060549,1,land,0.018799997633323073,1
1788460284.2879126,637,0.009367942810058594,106.74702229461468,5.378246307373047,0.03429999924264848,0.0046000059228390455,1,,0,0,0,,0,land,0.017400001524947584,1
1788460284.3382876,638,0.05037498474121094,19.85112263829465,0.0,19.821900001261383,0.0044000043999403715,1,,0,0,0,19.785600001341663,1,land,0.019099999917671084,1
1788460284.3502567,639,0.01196908950805664,83.54854388271383,0.9970664978027344,0.041399995097890496,0.004999994416721165,1,,0,0,0,,0,land,0.021400002879090607,1
1788460284.448229,640,0.09797239303588867,10.20695697035476,1.9943714141845703,28.980500006582588,0.005299996701069176,1,5.411899997852743,1,0,0,23.537400003988296,1,land,0.01889999839477241,1
1788460284.4575436,641,0.009314537048339844,107.35906624347292,9.954452514648438,0.031799994758330286,0.004699992132373154,1,,0,0,0,,0,land,0.015900004655122757,1
1788460284.5043292,642,0.046785593032836914,21.374101196027173,1.0197162628173828,21.3590000057593,0.0051000097300857306,1,,0,0,0,21.319699997548014,1,land,0.02130000211764127,1
1788460284.5172942,643,0.012964963912963867,77.13095128634215,1.9943714141845703,0.07749999349471182,0.009200011845678091,1,,0,0,0,,0,land,0.04159999662078917,1
1788460284.608329,644,0.0910348892211914,10.98479943849063,0.9973049163818359,25.615600010496564,0.0051000097300857306,1,5.510600007255562,1,0,0,20.072500003152527,1,land,0.020399995264597237,1
1788460284.6183875,645,0.010058403015136719,99.41936095572201,2.57110595703125,0.0337999954354018,0.0046000059228390455,1,,0,0,0,,0,land,0.01720000000204891,1
1788460284.6713681,646,0.052980661392211914,18.874811558071613,1.9931793212890625,19.51800000097137,0.004799992893822491,1,,0,0,0,19.481900002574548,1,land,0.017400001524947584,1
1788460284.6798544,647,0.008486270904541016,117.8373883238748,18.459081649780273,0.03300000389572233,0.0049000082071870565,1,,0,0,0,,0,land,0.016599995433352888,1
1788460284.7737362,648,0.09388184547424316,10.651686648771234,0.9975433349609375,25.742300000274554,0.004699992132373154,1,5.007400002796203,1,0,0,20.705599992652424,1,land,0.018000006093643606,1
1788460284.7852829,649,0.011546611785888672,86.60549246334917,1.6646385192871094,0.03599999763537198,0.004599991370923817,1,,0,0,0,,0,land,0.018100006855092943,1
1788460284.834543,650,0.04926013946533203,20.3003891351906,1.993417739868164,19.742599994060583,0.0048000074457377195,1,,0,0,0,19.70659999642521,1,land,0.0185999961104244,1
1788460284.8514974,651,0.016954421997070312,58.981662729215884,0.9939670562744141,0.04839999019168317,0.005900001269765198,1,,0,0,0,,0,land,0.02469999890308827,1
1788460284.9398725,652,0.08837509155273438,11.315405533733328,0.9970664978027344,25.34670000022743,0.005299996701069176,1,5.357799993362278,1,0,0,19.956500007538125,1,land,0.01990000600926578,1
1788460284.9528491,653,0.012976646423339844,77.06151245682369,1.9955635070800781,0.05060000694356859,0.006200003554113209,1,,0,0,0,,0,land,0.02549999044276774,1
1788460285.0069675,654,0.05411839485168457,18.47800554211878,0.9965896606445312,22.018300005584024,0.0042000028770416975,1,,0,0,0,21.981600002618507,1,land,0.018499995348975062,1
1788460285.016001,655,0.009033441543579102,110.69978093905883,0.0,0.03560000914148986,0.0047000066842883825,1,,0,0,0,,0,land,0.018499995348975062,1
1788460285.1083798,656,0.09237885475158691,10.824988063437988,1.9960403442382812,23.857199994381517,0.0049000082071870565,1,5.203599997912534,1,0,0,18.623399999341927,1,land,0.019399987650103867,1
1788460285.1163585,657,0.007978677749633789,125.33405050052293,2.991914749145508,0.031100003980100155,0.0044000043999403715,1,,0,0,0,,0,land,0.01580000389367342,1
1788460285.1737113,658,0.05735278129577637,17.435946041445824,1.995086669921875,20.447800008696504,0.004699992132373154,1,,0,0,0,20.40809999743942,1,land,0.020100007532164454,1
1788460285.1845033,659,0.010792016983032227,92.66108472329614,3.902435302734375,0.07809999806340784,0.0052000104915350676,1,,0,0,0,,0,land,0.021100000594742596,1
1788460285.2823565,660,0.09785318374633789,10.219391559014293,1.995086669921875,30.04670000518672,0.004999994416721165,1,9.423199997399934,1,0,0,20.59440000448376,1,land,0.017700003809295595,1
1788460285.2910316,661,0.008675098419189453,115.272467432529,9.190559387207031,0.03429999924264848,0.004699992132373154,1,,0,0,0,,0,land,0.016999998479150236,1
1788460285.3407264,662,0.04969477653503418,20.122839254443832,0.9965896606445312,21.17500000167638,0.0041000021155923605,1,,0,0,0,21.1402000131784,1,land,0.0185999961104244,1
1788460285.349704,663,0.008977651596069336,111.38770415615456,1.9958019256591797,0.042100000428035855,0.006100002792663872,1,,0,0,0,,0,land,0.02130000211764127,1
1788460285.4428484,664,0.09314441680908203,10.736016545679796,1.9965171813964844,26.364000004832633,0.005199995939619839,1,5.419799999799579,1,0,0,20.910799998091534,1,land,0.020499996026046574,1
1788460285.4528222,665,0.009973764419555664,100.26304592068463,2.9926300048828125,0.03640000068116933,0.0048000074457377195,1,,0,0,0,,0,land,0.019099999917671084,1
1788460285.502799,666,0.04997682571411133,20.009274012727914,1.995086669921875,20.517100012511946,0.004799992893822491,1,,0,0,0,20.479900005739182,1,land,0.02020000829361379,1
1788460285.5177593,667,0.014960289001464844,66.8436284821827,0.9973049163818359,0.041400009649805725,0.0049000082071870565,1,,0,0,0,,0,land,0.02059999678749591,1
1788460285.6221013,668,0.10434198379516602,9.583869921077044,0.9942054748535156,37.31620000326075,0.007499998901039362,1,9.156400003121234,1,0,0,28.11729999666568,1,land,0.02610000956337899,1
1788460285.6346788,669,0.012577533721923828,79.50684308298896,16.565322875976562,0.04369999805931002,0.005800000508315861,1,,0,0,0,,0,land,0.022799998987466097,1
1788460285.6829884,670,0.0483095645904541,20.699834669956818,4.02522087097168,27.181299999938346,0.005900001269765198,1,,0,0,0,27.123799998662435,1,land,0.03709999145939946,1
1788460285.695952,671,0.012963533401489258,77.13946260092325,33.82730484008789,0.046499990276061,0.005999987479299307,1,,0,0,0,,0,land,0.02340000355616212,1
1788460285.7876878,672,0.09173583984375,10.90086493679308,2.9904842376708984,37.01539999747183,0.006300004315562546,1,8.031200006371364,1,0,0,28.94689999811817,1,land,0.023500004317611456,1
1788460285.7981696,673,0.010481834411621094,95.40314803020654,16.4644718170166,0.039699996705166996,0.006000002031214535,1,,0,0,0,,0,land,0.01929998688865453,1
1788460285.8456933,674,0.04752373695373535,21.04211630018713,2.0284652709960938,27.563600000576116,0.006599992047995329,1,,0,0,0,27.51499999430962,1,land,0.02570000651758164,1
1788460285.86264,675,0.01694655418395996,59.009046272457404,11.968612670898438,0.04739999712910503,0.006100002792663872,1,,0,0,0,,0,land,0.02469999890308827,1
1788460285.9578345,676,0.09519457817077637,10.504799949909211,0.9965896606445312,41.147899988573045,0.011800002539530396,1,9.419800000614487,1,0,0,31.654099992010742,1,land,0.04769999941345304,1
1788460285.9747884,677,0.01695394515991211,58.983321614400225,24.933338165283203,0.06910000229254365,0.009499999578110874,1,,0,0,0,,0,land,0.03460000152699649,1
1788460286.0312672,678,0.05647873878479004,17.70577781154887,6.74891471862793,38.928399997530505,0.006000002031214535,1,,0,0,0,38.88510000251699,1,land,0.02340000355616212,1
1788460286.0452302,679,0.013962984085083008,71.61792879706309,28.92279624938965,0.05529999907594174,0.007499998901039362,1,,0,0,0,,0,land,0.028299997211433947,1
1788460286.1362746,680,0.09104442596435547,10.983648800108938,2.9909610748291016,45.41810000955593,0.007599999662488699,1,8.227800004533492,1,0,0,37.144700007047504,1,land,0.0281000102404505,1
1788460286.1505759,681,0.014301300048828125,69.9237129901307,37.764787673950195,0.0610999995842576,0.007700000423938036,1,,0,0,0,,0,land,0.03359999391250312,1
1788460286.1965055,682,0.045929670333862305,21.77241841125813,14.013290405273438,31.627399992430583,0.007499998901039362,1,,0,0,0,31.571799991070293,1,land,0.029600007110275328,1
1788460286.211494,683,0.014988422393798828,66.71816244074698,27.955293655395508,0.05819999205414206,0.00790000194683671,1,,0,0,0,,0,land,0.029700007871724665,1
1788460286.299832,684,0.08833813667297363,11.32013915690778,2.9900074005126953,43.23479998856783,0.007399998139590025,1,8.881699992343783,1,0,0,34.307499998249114,1,land,0.02819999644998461,1
1788460286.3224792,686,0.02264714241027832,44.15568118413711,5.980730056762695,0.060600010328926146,0.00790000194683671,1,,0,0,0,,0,land,0.030800001695752144,1
1788460286.3842206,687,0.06174135208129883,16.196600273399184,3.5028457641601562,30.885600004694425,0.006100002792663872,1,,0,0,0,30.839800005196594,1,land,0.02510000194888562,1
1788460295.685547,820,9.301326513290405,0.10751154672090352,8.975505828857422,3722.5963000091724,3722.5605999992695,1,,0,0,0,,0,land,0.019500002963468432,1
1788460295.7344506,910,0.048903465270996094,20.448448682696622,35.34245491027832,38.90980000142008,0.006599992047995329,1,7.940800001961179,1,0,0,30.92849999666214,1,land,0.025600005756132305,1
1788460295.7474153,911,0.012964725494384766,77.13236970833793,28.19061279296875,0.060999998822808266,0.008799994247965515,1,,0,0,0,,0,land,0.030700000934302807,1
1788460295.8182523,912,0.07083702087402344,14.116912140876169,2.9916763305664062,30.249300005380064,0.006300004315562546,1,,0,0,0,30.206600000383332,1,land,0.022499996703118086,1
1788460295.831218,913,0.012965679168701172,77.12669633334559,14.957904815673828,0.04369999805931002,0.005900001269765198,1,,0,0,0,,0,land,0.021400002879090607,1
1788460295.8911493,914,0.059931278228759766,16.685777936905758,1.9974708557128906,39.522400009445846,0.006399990525096655,1,11.20610001089517,1,0,0,27.876399995875545,1,land,0.02540000423323363,1
1788460295.9054112,915,0.014261960983276367,70.11658503151173,21.333694458007812,0.5098999972688034,0.006200003554113209,1,,0,0,0,,0,land,0.023999993572942913,1
1788460295.9807203,916,0.07530903816223145,13.278618667865477,2.9909610748291016,25.98579999175854,0.006000002031214535,1,,0,0,0,25.80659999512136,1,land,0.02269999822601676,1
1788460295.9937057,917,0.012985467910766602,77.00916184705774,7.99870491027832,0.20370000856928527,0.007499998901039362,1,,0,0,0,,0,land,0.02780000795610249,1
1788460296.0561666,918,0.062460899353027344,16.01001603175815,3.0257701873779297,36.58129999530502,0.007399998139590025,1,8.039599997573532,1,0,0,28.338599993730895,1,land,0.02680000034160912,1
1788460296.0681345,919,0.011967897415161133,83.55686594816423,17.700910568237305,0.17040000238921493,0.006400005077011883,1,,0,0,0,,0,land,0.020399995264597237,1
1788460296.1458416,920,0.07770705223083496,12.86884486403397,0.9932518005371094,28.74980001070071,0.005599998985417187,1,,0,0,0,28.562000006786548,1,land,0.022400010493583977,1
1788460296.1610708,921,0.015229225158691406,65.66322249358132,10.694265365600586,0.19070001144427806,0.006199989002197981,1,,0,0,0,,0,land,0.022599997464567423,1
1788460296.229319,922,0.06824827194213867,14.652385643519391,3.9908885955810547,41.21799999848008,0.006599992047995329,1,9.086599995498545,1,0,0,31.577600006130524,1,land,0.02610000956337899,1
1788460296.2452772,923,0.015958070755004883,62.66421645526123,25.93398094177246,0.26339999749325216,0.007599999662488699,1,,0,0,0,,0,land,0.03329999162815511,1
1788460296.3207753,924,0.07549810409545898,13.245365721179049,3.9904117584228516,31.76240000175312,0.00689999433234334,1,,0,0,0,31.53760000714101,1,land,0.02580000727903098,1
1788460296.3367324,925,0.015957117080688477,62.66796157121726,19.522666931152344,0.2733000001171604,0.006699992809444666,1,,0,0,0,,0,land,0.0526000076206401,1
1788460296.3915882,926,0.0548558235168457,18.229605097313133,5.983591079711914,39.6037000027718,0.008200004231184721,1,9.87629999872297,1,0,0,29.46489999885671,1,land,0.027799993404187262,1
1788460296.408058,927,0.016469717025756836,60.71749735809725,20.45726776123047,0.26190000062342733,0.008600007276982069,1,,0,0,0,,0,land,0.036299999919719994,1
1788460296.4776263,928,0.06956839561462402,14.374343279950375,1.9938945770263672,27.293700011796318,0.006200003554113209,1,,0,0,0,27.05650001007598,1,land,0.02510000194888562,1
1788460296.4925866,929,0.014960289001464844,66.8436284821827,8.976221084594727,0.2275000006193295,0.006600006599910557,1,,0,0,0,,0,land,0.026699999580159783,1
1788460296.5529764,930,0.06038975715637207,16.55909954084795,3.157377243041992,34.73679999297019,0.007400012691505253,1,7.759299987810664,1,0,0,26.740400004200637,1,land,0.02649999805726111,1
1788460296.56655,931,0.013573646545410156,73.67217030843814,14.570236206054688,0.24599999596830457,0.008000002708286047,1,,0,0,0,,0,land,0.029300004825927317,1
1788460296.6505682,932,0.08401823043823242,11.902178786485734,2.991199493408203,30.29959999548737,0.005599998985417187,1,,0,0,0,30.255399993620813,1,land,0.021100000594742596,1
1788460296.664531,934,0.013962745666503906,71.61915169728843,1.992940902709961,0.052700008382089436,0.006700007361359894,1,,0,0,0,,0,land,0.02439999661874026,1
1788460296.7577887,935,0.09325766563415527,10.722979105256027,1.9948482513427734,36.90600000845734,0.0092999980552122,1,9.867400003713556,1,0,0,26.980700000422075,1,land,0.031000003218650818,1
1788460296.7874048,936,0.029616117477416992,33.7653982080036,3.5195350646972656,0.06220000796020031,0.012200005585327744,1,,0,0,0,,0,land,0.02579999272711575,1
1788460296.846268,937,0.058863162994384766,16.988553606869456,3.988027572631836,27.630900003714487,0.005699999746866524,1,,0,0,0,27.584900002693757,1,land,0.022599997464567423,1
1788460296.861248,938,0.014980077743530273,66.75532778405564,8.233785629272461,0.050300004659220576,0.00650000583846122,1,,0,0,0,,0,land,0.021800005924887955,1
1788460296.9211755,939,0.05992746353149414,16.686840074158358,2.991914749145508,34.991599997738376,0.006199989002197981,1,7.60949999676086,1,0,0,27.33950001129415,1,land,0.023300002794712782,1
1788460296.9520657,940,0.030890226364135742,32.372698995855295,1.997232437133789,0.05499999679159373,0.00689999433234334,1,,0,0,0,,0,land,0.025300003471784294,1
1788460297.01399,941,0.06192421913146973,16.148770449198974,3.9854049682617188,27.077399994595908,0.006399990525096655,1,,0,0,0,27.02530000533443,1,land,0.025900008040480316,1
1788460297.028948,942,0.01495814323425293,66.85321729705606,10.970354080200195,0.0543000060133636,0.010100004146806896,1,,0,0,0,,0,land,0.023599990527145565,1
1788460297.0848975,943,0.05594944953918457,17.873276828213356,3.0221939086914062,33.95199999795295,0.006300004315562546,1,6.857999993371777,1,0,0,27.04980000271462,1,land,0.025200002710334957,1
1788460297.1144116,944,0.029514074325561523,33.88214005864724,0.9973049163818359,0.07699998968746513,0.008300004992634058,1,,0,0,0,,0,land,0.03539999306667596,1
1788460297.1784325,945,0.06402087211608887,15.61990592984586,1.9943714141845703,27.63829998730216,0.006199989002197981,1,,0,0,0,27.588299999479204,1,land,0.024599998141638935,1
1788460297.193662,946,0.015229463577270508,65.66219453011256,8.97359848022461,0.048300003982149065,0.006300004315562546,1,,0,0,0,,0,land,0.022899999748915434,1
1788460297.256702,947,0.06304001808166504,15.86293961249428,3.1681060791015625,34.7260999988066,0.006399990525096655,1,7.043299992801622,1,0,0,27.639700012514368,1,land,0.023800006601959467,1
1788460297.28659,948,0.029888153076171875,33.45807275047862,3.9849281311035156,0.07249999907799065,0.006300004315562546,1,,0,0,0,,0,land,0.04220000118948519,1
1788460297.3479674,949,0.06137728691101074,16.292671936605355,2.9947757720947266,26.935000001685694,0.007300011930055916,1,,0,0,0,26.876300005824305,1,land,0.028700000257231295,1
1788460297.362955,950,0.014987707138061523,66.72134641999268,13.991594314575195,0.047900000936351717,0.006000002031214535,1,,0,0,0,,0,land,0.022799998987466097,1
1788460297.423493,951,0.06053781509399414,16.51860078609293,2.991199493408203,34.67310000269208,0.006800008122809231,1,7.0183000061661005,1,0,0,27.6090999977896,1,land,0.025399989681318402,1
1788460297.4530697,952,0.029576778411865234,33.81030841407774,2.9828548431396484,0.057999990531243384,0.007400012691505253,1,,0,0,0,,0,land,0.02689998655114323,1
1788460297.5153964,953,0.062326669692993164,16.044495958564287,1.993417739868164,28.391300002112985,0.00689999433234334,1,,0,0,0,28.340000004391186,1,land,0.02510000194888562,1
1788460297.5283082,954,0.012911796569824219,77.44855602333998,13.797760009765625,0.040099999750964344,0.005199995939619839,1,,0,0,0,,0,land,0.018499995348975062,1
1788460297.5862942,955,0.05798602104187012,17.245535769352536,1.9962787628173828,34.80299998773262,0.006100002792663872,1,6.950700000743382,1,0,0,27.809199993498623,1,land,0.02409999433439225,1
1788460297.6233613,956,0.03706717491149902,26.97804735288253,4.591226577758789,0.27659999614115804,0.00829999044071883,1,,0,0,0,,0,land,0.10279999696649611,1
1788460297.6819239,957,0.058562517166137695,17.07576874066173,1.9979476928710938,28.452099999412894,0.00549999822396785,1,,0,0,0,28.40700000524521,1,land,0.022199994418770075,1
1788460297.6953974,958,0.0134735107421875,74.21970554926388,35.958051681518555,0.05320001218933612,0.006300004315562546,1,,0,0,0,,0,land,0.025500004994682968,1
1788460297.7531884,959,0.05779099464416504,17.303734018721663,0.9634494781494141,39.61909998906776,0.009399998816661537,1,8.539000002201647,1,0,0,31.019799993373454,1,land,0.032500000088475645,1
1788460297.7849746,960,0.031786203384399414,31.46019006758125,1.9958019256591797,0.06920000305399299,0.008400005754083395,1,,0,0,0,,0,land,0.03229999856557697,1
1788460297.8445523,961,0.05957770347595215,16.784802730834336,1.9943714141845703,27.038500003982335,0.0051000097300857306,1,,0,0,0,26.996600005077198,1,land,0.020399995264597237,1
1788460297.8580623,962,0.013509988784790039,74.01930645018972,8.975505828857422,0.04509999416768551,0.005599998985417187,1,,0,0,0,,0,land,0.02130000211764127,1
1788460297.9225812,963,0.06451892852783203,15.49932745037175,3.0307769775390625,36.56559999217279,0.006200003554113209,1,7.265500011271797,1,0,0,29.255299989017658,1,land,0.02409999433439225,1
1788460297.9516068,964,0.029025554656982422,34.45239933630136,3.1633377075195312,0.05640000745188445,0.007000009645707905,1,,0,0,0,,0,land,0.02609999501146376,1
1788460298.0139234,965,0.0623166561126709,16.04707412721186,2.9926300048828125,28.00550000392832,0.005800000508315861,1,,0,0,0,27.956499994616024,1,land,0.02439999661874026,1
1788460298.028914,966,0.014990568161010742,66.70861232604373,12.996435165405273,0.053499999921768904,0.006399990525096655,1,,0,0,0,,0,land,0.02510000194888562,1
1788460298.0857818,967,0.05686783790588379,17.584631961127112,1.3971328735351562,34.2160000000149,0.006400005077011883,1,6.839699999545701,1,0,0,27.33240000088699,1,land,0.02469999890308827,1
1788460298.119055,968,0.03327322006225586,30.05419968758509,3.959178924560547,0.0740000104997307,0.008200004231184721,1,,0,0,0,,0,land,0.034199998481199145,1
1788460298.1800907,969,0.0610356330871582,16.383872000999993,1.9941329956054688,28.359300005831756,0.006000002031214535,1,,0,0,0,28.306100008194335,1,land,0.028700000257231295,1
1788460298.1920586,970,0.011967897415161133,83.55686594816423,10.970115661621094,0.04089999129064381,0.005299996701069176,1,,0,0,0,,0,land,0.018399994587525725,1
1788460298.2507236,971,0.05866503715515137,17.04592800913602,2.991199493408203,34.365599989541806,0.006000002031214535,1,7.181000008131377,1,0,0,27.143999992404133,1,land,0.02609999501146376,1
1788460298.285773,972,0.0350494384765625,28.531127557683934,2.9921531677246094,0.05660000897478312,0.006599992047995329,1,,0,0,0,,0,land,0.02890000178012997,1
1788460298.346421,973,0.06064796447753906,16.48859955341699,2.0265579223632812,28.13560000504367,0.006599992047995329,1,,0,0,0,28.083600001991726,1,land,0.027600006433203816,1
1788460298.360386,974,0.01396489143371582,71.60814709849248,10.972976684570312,0.047299996367655694,0.006200003554113209,1,,0,0,0,,0,land,0.024599998141638935,1
1788460298.429485,975,0.06909918785095215,14.47195012128092,2.99072265625,40.72140000062063,0.006600006599910557,1,7.293800008483231,1,0,0,33.38749999238644,1,land,0.025000001187436283,1
1788460298.4544191,976,0.024934053421020508,40.10579359539496,3.989696502685547,0.053499999921768904,0.006599992047995329,1,,0,0,0,,0,land,0.026699999580159783,1
1788460298.5126882,977,0.05826902389526367,17.161777101285608,2.9914379119873047,27.60209998814389,0.00549999822396785,1,,0,0,0,27.561700000660494,1,land,0.02169999061152339,1
1788460298.5266402,978,0.013952016830444336,71.67422546523352,9.971141815185547,0.04289999196771532,0.006100002792663872,1,,0,0,0,,0,land,0.02169999061152339,1
1788460298.5930235,979,0.06638336181640625,15.064015630387312,2.994060516357422,41.4022000040859,0.007499998901039362,1,8.297299995319918,1,0,0,33.05660000478383,1,land,0.03020001167897135,1
1788460298.6188965,980,0.02587294578552246,38.650411448686405,1.505136489868164,0.06659999780822545,0.011900003300979733,1,,0,0,0,,0,land,0.0320999970426783,1
1788460298.684696,981,0.06579947471618652,15.197689712772164,2.992868423461914,30.86129999428522,0.005900001269765198,1,,0,0,0,30.81640000164043,1,land,0.023499989765696228,1
1788460298.699656,982,0.014960050582885742,66.84469377022009,37.8870964050293,0.050700007705017924,0.006800008122809231,1,,0,0,0,,0,land,0.025699991965666413,1
1788460298.7591937,983,0.059537649154663086,16.796094810567077,2.9931068420410156,39.36539999267552,0.008300004992634058,1,8.433800001512282,1,0,0,30.881599988788366,1,land,0.030799987143836915,1
1788460298.7806218,984,0.02142810821533203,46.667675463972586,0.9989738464355469,0.0892000098247081,0.01130001328419894,1,,0,0,0,,0,land,0.04449998959898949,1
1788460298.8629189,985,0.08229708671569824,12.151098415604658,4.867792129516602,36.92339999543037,0.01030000566970557,1,,0,0,0,36.8534000008367,1,land,0.0371999922208488,1
1788460298.8807132,986,0.017794370651245117,56.19754806726067,29.84929084777832,0.04569999873638153,0.005900001269765198,1,,0,0,0,,0,land,0.023200002033263445,1
1788460298.941147,987,0.06043386459350586,16.54701394203836,16.953706741333008,39.586400002008304,0.006999995093792677,1,7.957800000440329,1,0,0,31.587500008754432,1,land,0.025600005756132305,1
1788460298.9591334,988,0.017986297607421875,55.59787910922587,11.004209518432617,0.05769998824689537,0.007199996616691351,1,,0,0,0,,0,land,0.031499992473982275,1
1788460299.0187283,989,0.05959486961364746,16.779967914738016,3.9877891540527344,30.297599994810298,0.005800000508315861,1,,0,0,0,30.252199998358265,1,land,0.023999993572942913,1
1788460299.0346088,990,0.015880584716796875,62.969973576747535,18.65983009338379,0.04129999433644116,0.005800000508315861,1,,0,0,0,,0,land,0.020499996026046574,1
1788460299.089619,991,0.055010080337524414,18.178486449471023,6.982326507568359,35.8635000011418,0.007499998901039362,1,7.446999996318482,1,0,0,28.372100001433864,1,land,0.027699992642737925,1
1788460299.1155503,992,0.025931358337402344,38.563348166672796,2.9914379119873047,0.05160000000614673,0.006999995093792677,1,,0,0,0,,0,land,0.025500004994682968,1
1788460299.1830573,993,0.06750702857971191,14.813272351621961,1.9946098327636719,28.803099994547665,0.010100004146806896,1,,0,0,0,28.743499991833232,1,land,0.029199989512562752,1
1788460299.1977084,994,0.014651060104370117,68.25444663227613,13.53597640991211,0.04949999856762588,0.006999995093792677,1,,0,0,0,,0,land,0.024599998141638935,1
1788460299.2551215,995,0.05741310119628906,17.41762732135145,1.9943714141845703,35.39689999888651,0.006600006599910557,1,7.490799995139241,1,0,0,27.864799994858913,1,land,0.025599991204217076,1
1788460299.2841444,996,0.029022932052612305,34.455512564589135,1.0862350463867188,0.12060000153724104,0.007999988156370819,1,,0,0,0,,0,land,0.09110000974033028,1
1788460299.350222,997,0.06607770919799805,15.13369655421252,3.9360523223876953,31.466999993426725,0.00549999822396785,1,,0,0,0,31.425099994521588,1,land,0.022299995180219412,1
1788460299.3651803,998,0.01495814323425293,66.85321729705606,15.957117080688477,0.04850000550504774,0.006999995093792677,1,,0,0,0,,0,land,0.023600005079060793,1
1788460299.4239979,999,0.05881762504577637,17.001706533062556,3.9894580841064453,33.78990000055637,0.006400005077011883,1,6.948099995497614,1,0,0,26.803600005223416,1,land,0.023600005079060793,1
1788460299.4539506,1000,0.0299527645111084,33.38589997691653,5.017280578613281,0.06579999171663076,0.008199989679269493,1,,0,0,0,,0,land,0.03300000389572233,1
1788460299.5157516,1001,0.06180095672607422,16.18097927565082,3.0226707458496094,30.265800000051968,0.006700007361359894,1,,0,0,0,30.216099999961443,1,land,0.026599998818710446,1
1788460299.532706,1002,0.016954421997070312,58.981662729215884,17.95196533203125,0.05560000136028975,0.007299997378140688,1,,0,0,0,,0,land,0.02819999644998461,1
1788460299.5935507,1003,0.06084465980529785,16.435296099936913,4.986763000488281,37.84079999604728,0.009800001862458885,1,8.179700002074242,1,0,0,29.60219999658875,1,land,0.03650000144261867,1
1788460299.6189952,1004,0.025444507598876953,39.30121249601769,3.9916038513183594,0.07470000127796084,0.009700001101009548,1,,0,0,0,,0,land,0.038399986806325614,1
1788460299.684417,1005,0.06542181968688965,15.28542013637076,3.35693359375,30.54849999898579,0.005800000508315861,1,,0,0,0,30.5040000093868,1,land,0.023499989765696228,1
1788460299.7001317,1006,0.015714645385742188,63.63490714892584,40.64655303955078,0.05029999010730535,0.006700007361359894,1,,0,0,0,,0,land,0.025300003471784294,1
1788460299.757979,1007,0.05784726142883301,17.286903049511807,3.989696502685547,38.17319999507163,0.007800001185387373,1,10.313799997675233,1,0,0,27.810999992652796,1,land,0.03029999788850546,1
1788460299.7822797,1008,0.024300813674926758,41.15088545499142,0.0,0.047900000936351717,0.006700007361359894,1,,0,0,0,,0,land,0.023999993572942913,1
1788460299.8487146,1009,0.06643486022949219,15.052338434153484,2.989053726196289,27.988700006972067,0.006499991286545992,1,,0,0,0,27.938900006120093,1,land,0.026400011847727,1
1788460299.8636546,1010,0.014940023422241211,66.93429934730223,15.956878662109375,0.0416000111727044,0.005800000508315861,1,,0,0,0,,0,land,0.02099999983329326,1
1788460299.9223964,1011,0.05874180793762207,17.023650362649718,0.9622573852539062,34.75669999897946,0.006499991286545992,1,7.322100005694665,1,0,0,27.39399998972658,1,land,0.02580000727903098,1
1788460299.9368722,1012,0.014475822448730469,69.08070360366295,23.45132827758789,0.046900007873773575,0.006400005077011883,1,,0,0,0,,0,land,0.023199987481348217,1
1788460300.0100448,1013,0.07317256927490234,13.666323458495706,0.9942054748535156,27.529999992111698,0.005800000508315861,1,,0,0,0,27.486799997859634,1,land,0.022899999748915434,1
1788460300.0250404,1014,0.014995574951171875,66.68633935385398,10.970115661621094,0.041799998143687844,0.005900001269765198,1,,0,0,0,,0,land,0.02139998832717538,1
1788460300.0927248,1015,0.06768441200256348,14.77445057751445,2.0248889923095703,40.51590000744909,0.005999987479299307,1,6.589099997654557,1,0,0,33.89150000293739,1,land,0.02200000744778663,1
