t,event,latency_ms
1790346672.156836,llm_explanation,4233.914999999797
1790346673.524003,llm_explanation,1397.9236999998648
1790346675.2713742,llm_explanation,1743.6493999998675
1790346677.3267398,llm_explanation,2015.326499999901
1790346679.2626681,llm_explanation,1989.2697000000226
1790346679.4500668,assoc_live_pose_on,
1790346680.1438582,assoc_live_pose_off,
1790346683.1325793,debug_overlay_off,
1790346683.2983797,llm_explanation,4018.757299999834
1790346685.4922397,llm_explanation,2184.078999999656
1790346686.7594447,debug_overlay_on,
1790346687.5348468,llm_explanation,2055.1040000000285
1790346689.5025613,llm_explanation,1876.3263000000734
1790346691.369362,llm_explanation,1924.6344999996836
1790346695.3532357,llm_explanation,4024.562099999912
1790346701.4706178,llm_explanation,2098.2371999998577
1790346703.1086564,llm_explanation,1642.465799999627
1790346706.0499887,llm_explanation,2828.62729999988
1790346708.3846974,llm_explanation,2419.946600000003
1790346710.616621,llm_explanation,2248.3538999999837
1790346712.1014209,llm_explanation,1444.9449999997341
1790346715.469771,llm_explanation,1889.7939999997106
1790346717.0709462,llm_explanation,1353.8747000002331
1790346723.1833665,rc_send,
1790346723.2189226,llm_explanation,1413.4641000000556
1790346723.3265924,rc_send,
1790346723.432311,rc_send,
1790346723.5346322,rc_send,
1790346723.644277,rc_send,
1790346723.7467027,rc_send,
1790346723.8490949,rc_send,
1790346723.9494855,rc_send,
1790346724.0501463,rc_send,
1790346724.1757834,rc_send,
1790346724.295322,rc_send,
1790346724.399172,rc_send,
1790346724.518232,rc_send,
1790346724.6541905,rc_send,
1790346724.7556434,rc_send,
1790346724.8788915,rc_send,
1790346724.9898574,rc_send,
1790346725.1075492,rc_send,
1790346725.2336855,rc_send,
1790346725.3652837,rc_send,
1790346725.4798813,rc_send,
1790346725.5869503,rc_send,
1790346725.7073905,rc_send,
1790346725.8357587,rc_send,
1790346725.951332,rc_send,
1790346726.0550683,rc_send,
1790346726.1611388,rc_send,
1790346726.281048,rc_send,
1790346726.3848305,rc_send,
1790346726.4913566,rc_send,
1790346726.6128871,rc_send,
1790346726.7174356,rc_send,
1790346726.8521526,rc_send,
1790346726.952231,rc_send,
1790346727.0542667,rc_send,
1790346727.170367,rc_send,
1790346727.2706609,rc_send,
1790346727.393445,rc_send,
1790346727.5231667,rc_send,
1790346727.710317,rc_send,
1790346727.8636115,rc_send,
1790346728.0021374,rc_send,
1790346728.104027,rc_send,
1790346728.2083805,rc_send,
1790346728.3224814,rc_send,
1790346728.4342453,rc_send,
1790346728.5359921,rc_send,
1790346728.672533,rc_send,
1790346728.7736747,rc_send,
1790346728.8981872,rc_send,
1790346729.0021803,rc_send,
1790346729.10495,rc_send,
1790346729.20587,rc_send,
1790346729.358662,rc_send,
1790346729.5113378,rc_send,
1790346729.6741645,rc_send,
1790346729.776206,rc_send,
1790346729.905519,rc_send,
1790346730.0337667,rc_send,
1790346730.150494,rc_send,
1790346730.3177996,rc_send,
1790346730.4300368,rc_send,
1790346730.542778,llm_explanation,4010.653000000275
1790346730.552751,rc_send,
1790346730.6899588,rc_send,
1790346730.8137958,rc_send,
1790346730.92224,rc_send,
1790346731.0333154,rc_send,
1790346731.183244,rc_send,
1790346731.2927995,rc_send,
1790346731.416724,rc_send,
1790346731.543804,rc_send,
1790346731.656989,rc_send,
1790346731.7694767,rc_send,
1790346731.8919306,rc_send,
1790346732.0214627,rc_send,
1790346732.1482475,rc_send,
1790346732.2721388,rc_send,
1790346732.396874,rc_send,
1790346732.4996402,rc_send,
1790346732.616354,rc_send,
1790346732.7728407,rc_send,
1790346732.9375665,rc_send,
1790346733.1805747,rc_send,
1790346733.4439833,llm_explanation,2797.8805000002467
1790346733.453957,rc_send,
1790346733.6016085,rc_send,
1790346733.8099203,rc_send,
1790346734.0140615,rc_send,
1790346734.2013986,rc_send,
1790346734.398228,rc_send,
1790346734.6076531,rc_send,
1790346734.8162546,rc_send,
1790346734.9520848,rc_send,
1790346735.0736256,rc_send,
1790346735.1783316,rc_send,
1790346735.2769442,llm_explanation,1934.75669999998
1790346735.2839255,rc_send,
1790346735.3997018,rc_send,
1790346735.5018096,rc_send,
1790346735.6065612,rc_send,
1790346735.7302914,rc_send,
1790346735.8328,rc_send,
1790346735.9485366,rc_send,
1790346736.0520382,rc_send,
1790346736.1697044,rc_send,
1790346736.2704015,rc_send,
1790346736.3929272,rc_send,
1790346736.500163,rc_send,
1790346736.6198835,rc_send,
1790346736.7386289,rc_send,
1790346736.8675485,rc_send,
1790346736.981456,rc_send,
1790346737.0986373,rc_send,
1790346737.225025,rc_send,
1790346737.33525,rc_send,
1790346737.4388576,rc_send,
1790346737.5602922,rc_send,
1790346737.6684573,rc_send,
1790346737.7686365,rc_send,
1790346737.876736,rc_send,
1790346738.0033784,rc_send,
1790346738.120801,rc_send,
1790346738.2358096,rc_send,
1790346738.3434649,rc_send,
1790346738.460242,rc_send,
1790346738.5688574,rc_send,
1790346738.6867013,rc_send,
1790346738.788526,rc_send,
1790346738.8998797,rc_send,
1790346739.026622,rc_send,
1790346739.1441138,rc_send,
1790346739.244534,llm_explanation,4014.6709000000556
1790346739.2547927,rc_send,
1790346739.3826687,rc_send,
1790346739.5332875,rc_send,
1790346739.662967,rc_send,
1790346739.7695541,rc_send,
1790346739.8861833,rc_send,
1790346739.9878104,rc_send,
1790346740.1136396,rc_send,
1790346740.218357,rc_send,
1790346740.3202505,rc_send,
1790346740.5130365,rc_send,
1790346740.632194,rc_send,
1790346740.7789934,rc_send,
1790346740.8910747,rc_send,
1790346740.9955857,rc_send,
1790346741.1118414,rc_send,
1790346741.225425,rc_send,
1790346741.3727446,rc_send,
1790346741.478443,rc_send,
1790346741.598332,rc_send,
1790346741.7474766,rc_send,
1790346741.8765218,rc_send,
1790346741.99041,rc_send,
1790346742.1023173,rc_send,
1790346742.265679,rc_send,
1790346742.3893206,rc_send,
1790346742.5000505,rc_send,
1790346742.6181145,rc_send,
1790346742.720096,rc_send,
1790346742.844386,rc_send,
1790346742.9478655,rc_send,
1790346743.0542743,rc_send,
1790346743.162299,rc_send,
1790346743.267172,rc_send,
1790346743.3917463,rc_send,
1790346743.5117657,rc_send,
1790346743.6394136,rc_send,
1790346743.7589426,rc_send,
1790346743.9309616,rc_send,
1790346744.069301,rc_send,
1790346744.1770117,rc_send,
1790346744.2882557,rc_send,
1790346744.39492,rc_send,
1790346744.5287552,rc_send,
1790346744.6292002,rc_send,
1790346744.7417164,rc_send,
1790346744.8436115,rc_send,
1790346744.9444096,rc_send,
1790346745.0462377,rc_send,
1790346745.192031,rc_send,
1790346745.2938526,rc_send,
1790346745.3950832,rc_send,
1790346745.5324802,rc_send,
1790346745.6342065,rc_send,
1790346745.7343278,rc_send,
1790346745.836781,rc_send,
1790346745.954611,rc_send,
1790346746.0592067,rc_send,
1790346746.1684139,rc_send,
1790346746.290188,rc_send,
1790346746.391089,rc_send,
1790346746.4979253,rc_send,
1790346746.6037562,rc_send,
1790346746.7193594,llm_explanation,3449.341800000184
1790346746.7257771,rc_send,
1790346746.8268852,rc_send,
1790346746.9286623,rc_send,
1790346747.074035,rc_send,
1790346747.1782203,rc_send,
1790346747.2970302,rc_send,
1790346747.4178705,rc_send,
1790346747.5615535,rc_send,
1790346747.6694772,rc_send,
1790346747.8123543,rc_send,
1790346748.0136046,rc_send,
1790346748.1147795,rc_send,
1790346748.3283367,rc_send,
1790346748.4805346,rc_send,
1790346748.6368341,llm_explanation,1816.2253999998939
1790346748.641933,rc_send,
1790346748.7436836,rc_send,
1790346748.9355373,rc_send,
1790346749.1275308,rc_send,
1790346749.3017945,rc_send,
1790346749.4854136,rc_send,
1790346749.590173,rc_send,
1790346749.7299812,rc_send,
1790346749.87954,rc_send,
1790346750.074175,rc_send,
1790346750.2522485,rc_send,
1790346750.4224238,rc_send,
1790346750.6060398,rc_send,
1790346750.7577395,llm_explanation,2170.039699999961
1790346750.764438,rc_send,
1790346750.9843378,rc_send,
1790346751.0878322,rc_send,
1790346751.1962962,rc_send,
1790346751.3388352,rc_send,
1790346751.4546778,rc_send,
1790346751.6060727,rc_send,
1790346751.7079074,rc_send,
1790346751.8586237,rc_send,
1790346752.0210607,rc_send,
1790346752.1856663,rc_send,
1790346752.3610501,rc_send,
1790346752.5055754,rc_send,
1790346752.7215352,rc_send,
1790346752.8803904,rc_send,
1790346753.0349474,rc_send,
1790346753.1791737,rc_send,
1790346753.3353107,rc_send,
1790346753.437597,rc_send,
1790346753.5401444,rc_send,
1790346753.641111,rc_send,
1790346753.8685486,rc_send,
1790346754.031065,rc_send,
1790346754.183985,rc_send,
1790346754.3431327,rc_send,
1790346754.4976137,rc_send,
1790346754.6431546,rc_send,
1790346754.747203,llm_explanation,4006.0060999999223
1790346754.7551816,rc_send,
1790346754.9116542,rc_send,
1790346755.0163732,rc_send,
1790346755.1183956,rc_send,
1790346755.2189784,rc_send,
1790346755.3874328,rc_send,
1790346755.4880087,rc_send,
1790346755.5895362,rc_send,
1790346755.7029746,rc_send,
1790346755.822347,rc_send,
1790346755.9933696,rc_send,
1790346756.151542,rc_send,
1790346756.2507448,rc_send,
1790346756.3685098,rc_send,
1790346756.4785993,rc_send,
1790346756.6626153,rc_send,
1790346756.6774979,llm_explanation,1981.6740000001118
1790346756.794945,rc_send,
1790346756.9139466,rc_send,
1790346757.023136,rc_send,
1790346757.1385002,rc_send,
1790346757.241083,rc_send,
1790346757.3534026,rc_send,
1790346757.478526,rc_send,
1790346757.6578753,rc_send,
1790346757.7929564,rc_send,
1790346757.9114144,rc_send,
1790346758.0237262,rc_send,
1790346758.129963,rc_send,
1790346758.2424932,rc_send,
1790346758.383365,rc_send,
1790346758.496795,rc_send,
1790346758.5994487,rc_send,
1790346758.705507,rc_send,
1790346758.809113,rc_send,
1790346758.9118786,rc_send,
1790346759.01306,rc_send,
1790346759.1271124,rc_send,
1790346759.25282,rc_send,
1790346759.3552582,rc_send,
1790346759.4666634,rc_send,
1790346759.5684907,rc_send,
1790346759.627667,llm_explanation,2943.668300000354
1790346759.7470593,rc_send,
1790346759.870206,rc_send,
1790346759.9802802,rc_send,
1790346760.1491325,rc_send,
1790346760.2986488,rc_send,
1790346760.4003522,rc_send,
1790346760.5119553,rc_send,
1790346760.6215696,rc_send,
1790346760.7337153,rc_send,
1790346760.8397763,rc_send,
1790346760.9684906,rc_send,
1790346761.0954177,rc_send,
1790346761.2065349,rc_send,
1790346761.2834473,llm_explanation,1615.8942000001844
1790346761.3143833,rc_send,
1790346761.419421,rc_send,
1790346761.519625,rc_send,
1790346761.6308095,rc_send,
1790346761.7379148,rc_send,
1790346761.8773623,rc_send,
1790346761.984008,rc_send,
1790346762.1127932,rc_send,
1790346762.2130857,rc_send,
1790346762.3312552,rc_send,
1790346762.491658,rc_send,
1790346762.6171644,rc_send,
1790346762.7361572,rc_send,
1790346762.8473668,rc_send,
1790346762.9650698,rc_send,
1790346763.1227806,rc_send,
1790346763.2241552,rc_send,
1790346763.3420928,rc_send,
1790346763.4698465,rc_send,
1790346763.5719237,rc_send,
1790346763.680841,rc_send,
1790346763.8169296,rc_send,
1790346763.9668286,rc_send,
1790346764.141729,rc_send,
1790346764.3372848,rc_send,
1790346764.472639,rc_send,
1790346764.6870725,llm_explanation,3298.387199999979
1790346764.697027,rc_send,
1790346764.8437195,rc_send,
1790346765.0712729,rc_send,
1790346765.1941433,rc_send,
1790346765.4390738,rc_send,
1790346765.5656672,rc_send,
1790346765.6992738,rc_send,
1790346765.925733,rc_send,
1790346766.1163788,rc_send,
1790346766.2766724,rc_send,
1790346766.5183,rc_send,
1790346766.619143,rc_send,
1790346766.746788,rc_send,
1790346766.8971236,rc_send,
1790346767.0347288,rc_send,
1790346767.1906264,llm_explanation,2542.5592000001416
1790346767.2000933,rc_send,
1790346767.3377929,rc_send,
1790346767.4659514,rc_send,
1790346767.5797925,rc_send,
1790346767.6964698,rc_send,
1790346767.8248944,rc_send,
1790346767.9314013,rc_send,
1790346768.0369987,rc_send,
1790346768.244343,rc_send,
1790346768.429144,rc_send,
1790346768.5409992,rc_send,
1790346768.6606312,rc_send,
1790346768.7724493,rc_send,
1790346768.8897111,rc_send,
1790346769.0001438,rc_send,
1790346769.1222935,rc_send,
1790346769.2338898,rc_send,
1790346769.3479424,rc_send,
1790346769.451186,rc_send,
1790346769.5695322,rc_send,
1790346769.7005324,rc_send,
1790346769.8368526,rc_send,
1790346769.9611397,rc_send,
1790346770.113944,rc_send,
1790346770.3625298,rc_send,
1790346770.5378962,rc_send,
1790346770.6862464,rc_send,
1790346770.84257,rc_send,
1790346770.9727855,rc_send,
1790346771.0842125,llm_explanation,4015.9708999999566
1790346771.0936062,rc_send,
1790346771.248496,rc_send,
1790346771.3711958,rc_send,
1790346771.5136132,rc_send,
1790346771.6697142,rc_send,
1790346771.8033435,rc_send,
1790346771.950876,rc_send,
1790346772.0788748,rc_send,
1790346772.2344368,rc_send,
1790346772.3856423,rc_send,
1790346772.5051296,rc_send,
1790346772.621667,rc_send,
1790346772.7222679,rc_send,
1790346772.8487737,rc_send,
1790346773.0921385,rc_send,
1790346773.2263846,rc_send,
1790346773.3420084,rc_send,
1790346773.4757366,rc_send,
1790346773.6097147,rc_send,
1790346773.7659147,rc_send,
1790346773.9021876,rc_send,
1790346774.0052588,rc_send,
1790346774.1098912,rc_send,
1790346774.3070667,rc_send,
1790346774.44902,rc_send,
1790346774.575521,rc_send,
1790346774.7708244,rc_send,
1790346774.8715506,rc_send,
1790346774.9720435,rc_send,
1790346775.07424,rc_send,
1790346775.176122,rc_send,
1790346775.2789307,rc_send,
1790346775.3815114,rc_send,
1790346775.4817157,rc_send,
1790346775.5845551,rc_send,
1790346775.6848738,rc_send,
1790346775.7874746,rc_send,
1790346775.889106,rc_send,
1790346775.989254,rc_send,
1790346776.1480882,rc_send,
1790346776.2632222,rc_send,
1790346776.3971827,rc_send,
1790346776.4994195,rc_send,
1790346776.6014323,rc_send,
1790346776.701861,rc_send,
1790346776.8041897,rc_send,
1790346776.9039984,rc_send,
1790346777.0076723,rc_send,
1790346777.107837,rc_send,
1790346777.3529592,rc_send,
1790346777.476115,rc_send,
1790346777.6178167,rc_send,
1790346777.736096,rc_send,
1790346777.8668034,rc_send,
1790346777.9909902,rc_send,
1790346778.232203,rc_send,
1790346778.464817,rc_send,
1790346778.700735,rc_send,
1790346778.929121,rc_send,
1790346779.1745892,rc_send,
1790346779.4258947,rc_send,
1790346779.6497998,rc_send,
1790346779.8381114,rc_send,
1790346780.0371869,rc_send,
1790346780.2291133,rc_send,
1790346780.4565976,rc_send,
1790346780.64315,rc_send,
1790346780.8455005,rc_send,
1790346781.0364811,rc_send,
1790346781.2234201,rc_send,
1790346781.4380512,rc_send,
1790346781.5870209,rc_send,
1790346781.6809514,llm_explanation,2570.9052000001975
1790346781.6904,rc_send,
1790346781.8099823,rc_send,
1790346781.9162683,rc_send,
1790346782.0662942,rc_send,
1790346782.1855738,rc_send,
1790346782.286367,rc_send,
1790346782.4132707,rc_send,
1790346782.5230725,rc_send,
1790346782.6356153,rc_send,
1790346782.748356,rc_send,
1790346782.923465,rc_send,
1790346783.041491,rc_send,
1790346783.171889,rc_send,
1790346783.2914727,rc_send,
1790346783.4121802,rc_send,
1790346783.5968215,rc_send,
1790346783.7182534,rc_send,
1790346783.8258066,rc_send,
1790346783.9378934,rc_send,
1790346784.0513,rc_send,
1790346784.1694565,rc_send,
1790346784.269839,rc_send,
1790346784.3743525,rc_send,
1790346784.4828947,rc_send,
1790346784.5994823,rc_send,
1790346784.7215333,rc_send,
1790346784.8369064,rc_send,
1790346784.9458644,rc_send,
1790346785.0737185,rc_send,
1790346785.1823971,rc_send,
1790346785.2856672,rc_send,
1790346785.4124172,rc_send,
1790346785.5807242,rc_send,
1790346785.699615,llm_explanation,4012.9885000001195
1790346785.7127573,rc_send,
1790346785.8297644,rc_send,
1790346785.9292955,rc_send,
1790346786.05207,rc_send,
1790346786.1682117,rc_send,
1790346786.2687404,rc_send,
1790346786.3688047,rc_send,
1790346786.482384,rc_send,
1790346786.6380303,rc_send,
1790346786.761529,rc_send,
1790346786.9127936,rc_send,
1790346787.0506904,rc_send,
1790346787.173223,rc_send,
1790346787.2797127,rc_send,
1790346787.399593,rc_send,
1790346787.505006,rc_send,
1790346787.6676688,rc_send,
1790346787.7713072,rc_send,
1790346787.8848193,rc_send,
1790346788.0506396,rc_send,
1790346788.1586852,rc_send,
1790346788.2724152,rc_send,
1790346788.3832366,rc_send,
1790346788.4986124,rc_send,
1790346788.6160429,rc_send,
1790346788.742875,rc_send,
1790346788.854502,rc_send,
1790346788.9757173,rc_send,
1790346789.098008,rc_send,
1790346789.2411172,rc_send,
1790346789.3746967,rc_send,
1790346789.4503057,llm_explanation,3714.739499999723
1790346789.493521,rc_send,
1790346789.601731,rc_send,
1790346789.7223275,rc_send,
1790346789.8270104,rc_send,
1790346789.9520779,rc_send,
1790346790.0709891,rc_send,
1790346790.1789029,rc_send,
1790346790.3429494,rc_send,
1790346790.450877,rc_send,
1790346790.5871134,rc_send,
1790346790.6878734,rc_send,
1790346790.7971447,rc_send,
1790346790.9084408,rc_send,
1790346791.0164018,rc_send,
1790346791.1301572,rc_send,
1790346791.2871306,rc_send,
1790346791.4289649,rc_send,
1790346791.5547085,rc_send,
1790346791.6597703,rc_send,
1790346791.7707694,rc_send,
1790346791.8749075,rc_send,
1790346791.9762747,rc_send,
1790346792.0894759,rc_send,
1790346792.195352,llm_explanation,2718.835200000285
1790346792.20385,rc_send,
1790346792.3207133,rc_send,
1790346792.5459535,rc_send,
1790346792.7948103,rc_send,
1790346793.039189,rc_send,
1790346793.175946,rc_send,
1790346793.301472,rc_send,
1790346793.449389,rc_send,
1790346793.6044064,rc_send,
1790346793.7338824,rc_send,
1790346793.8758874,rc_send,
1790346793.9791048,rc_send,
1790346794.1707425,llm_explanation,1944.4877000000815
1790346794.1810658,rc_send,
1790346794.2832396,rc_send,
1790346794.3856955,rc_send,
1790346794.4878113,rc_send,
1790346794.5884254,rc_send,
1790346794.6886666,rc_send,
1790346794.8069592,rc_send,
1790346794.909927,rc_send,
1790346795.0136497,rc_send,
1790346795.1158702,rc_send,
1790346795.2642038,rc_send,
1790346795.3658977,rc_send,
1790346795.4684303,rc_send,
1790346795.5703478,rc_send,
1790346795.6727262,rc_send,
1790346795.7736118,rc_send,
1790346795.8757563,rc_send,
1790346795.9772978,rc_send,
1790346796.0795505,rc_send,
1790346796.1796403,rc_send,
1790346796.2858996,rc_send,
1790346796.3960273,rc_send,
1790346796.4969368,rc_send,
1790346796.5975227,rc_send,
1790346796.6983254,rc_send,
1790346796.802121,rc_send,
1790346796.902052,rc_send,
1790346797.006358,rc_send,
1790346797.13287,rc_send,
1790346797.250898,rc_send,
1790346797.3555863,rc_send,
1790346797.5094483,rc_send,
1790346797.6112611,rc_send,
1790346797.7177222,rc_send,
1790346797.8177798,rc_send,
1790346797.9190197,rc_send,
1790346798.0198438,rc_send,
1790346798.1221673,rc_send,
1790346798.2237284,rc_send,
1790346798.3248553,rc_send,
1790346798.362182,llm_explanation,4018.8216000001376
1790346798.4308443,rc_send,
1790346798.5821908,rc_send,
1790346798.6871428,rc_send,
1790346798.8255584,rc_send,
1790346798.9368327,rc_send,
1790346799.0390694,rc_send,
1790346799.1404574,rc_send,
1790346799.2418923,rc_send,
1790346799.3431346,rc_send,
1790346799.4451218,rc_send,
1790346799.5490582,rc_send,
1790346799.6347356,llm_explanation,1433.4208000000217
1790346799.66056,rc_send,
1790346799.792009,rc_send,
1790346799.9276137,rc_send,
1790346800.0284822,rc_send,
1790346800.1328216,rc_send,
1790346800.2357707,rc_send,
1790346800.3365812,rc_send,
1790346800.4368324,rc_send,
1790346800.546674,rc_send,
1790346800.6933045,rc_send,
1790346800.8447983,rc_send,
1790346800.9689815,rc_send,
1790346801.1166139,rc_send,
1790346801.2747388,rc_send,
1790346801.4341476,rc_send,
1790346801.5961893,rc_send,
1790346801.6871302,llm_explanation,2110.7607000003554
1790346801.7138789,rc_send,
1790346801.8141668,rc_send,
1790346801.915374,rc_send,
1790346802.0171726,rc_send,
1790346802.1255856,rc_send,
1790346802.264146,rc_send,
1790346802.3656657,rc_send,
1790346802.511091,rc_send,
1790346802.6215966,rc_send,
1790346802.7234612,rc_send,
1790346802.8236196,rc_send,
1790346802.9693878,rc_send,
1790346803.0709507,rc_send,
1790346803.1732066,rc_send,
1790346803.2733874,rc_send,
1790346803.3761184,rc_send,
1790346803.4864247,rc_send,
1790346803.631883,rc_send,
1790346803.735437,rc_send,
1790346803.8871384,rc_send,
1790346803.9957545,rc_send,
1790346804.1243665,rc_send,
1790346804.2310958,rc_send,
1790346804.4046397,rc_send,
1790346804.5064852,rc_send,
1790346804.6082158,rc_send,
1790346804.708341,rc_send,
1790346804.8096874,rc_send,
1790346804.9537244,rc_send,
1790346805.0646486,rc_send,
1790346805.1663053,rc_send,
1790346805.2850833,rc_send,
1790346805.4302564,rc_send,
1790346805.536608,rc_send,
1790346805.6763022,llm_explanation,4017.074500000035
1790346805.6830041,rc_send,
1790346805.7900352,rc_send,
1790346805.8951867,rc_send,
1790346805.996342,rc_send,
1790346806.1097481,rc_send,
1790346806.212842,rc_send,
1790346806.3138468,rc_send,
1790346806.4136772,rc_send,
1790346806.524166,rc_send,
1790346806.6257737,rc_send,
1790346806.7284749,rc_send,
1790346806.8304048,rc_send,
1790346806.975479,rc_send,
1790346807.1216745,rc_send,
1790346807.227241,rc_send,
1790346807.366111,rc_send,
1790346807.4806533,rc_send,
1790346807.621616,rc_send,
1790346807.724385,rc_send,
1790346807.8715503,rc_send,
1790346807.986157,rc_send,
1790346808.0559063,llm_explanation,2393.5405000001992
1790346808.1303096,rc_send,
1790346808.2331266,rc_send,
1790346808.3713331,rc_send,
1790346808.477437,rc_send,
1790346808.6216896,rc_send,
1790346808.7250476,rc_send,
1790346808.8737507,rc_send,
1790346808.975687,rc_send,
1790346809.0760074,rc_send,
1790346809.1988947,rc_send,
1790346809.3042598,rc_send,
1790346809.4053316,rc_send,
1790346809.5217597,rc_send,
1790346809.6237307,rc_send,
1790346809.7237854,rc_send,
1790346809.8633232,rc_send,
1790346809.9639852,rc_send,
1790346810.066105,rc_send,
1790346810.166854,rc_send,
1790346810.2693167,rc_send,
1790346810.318593,llm_explanation,2238.9711000000716
1790346810.3958282,rc_send,
1790346810.5110698,rc_send,
1790346810.6114264,rc_send,
1790346810.7114549,rc_send,
1790346810.818677,rc_send,
1790346810.918766,rc_send,
1790346811.0331824,rc_send,
1790346811.1371837,rc_send,
1790346811.2404869,rc_send,
1790346811.3412864,rc_send,
1790346811.4812005,rc_send,
1790346811.582693,rc_send,
1790346811.7001472,llm_explanation,1384.182299999793
1790346811.705102,rc_send,
1790346811.8052661,rc_send,
1790346811.9059901,rc_send,
1790346812.0108154,rc_send,
1790346812.1503468,rc_send,
1790346812.2571416,rc_send,
1790346812.3968039,rc_send,
1790346812.5177863,rc_send,
1790346812.6709673,rc_send,
1790346812.8228145,rc_send,
1790346812.9300475,rc_send,
1790346813.076462,rc_send,
1790346813.1781092,rc_send,
1790346813.2787178,rc_send,
1790346813.3801477,rc_send,
1790346813.5350196,rc_send,
1790346813.6434805,rc_send,
1790346813.7440574,rc_send,
1790346813.8467486,rc_send,
1790346813.9991636,rc_send,
1790346814.1011915,rc_send,
1790346814.2337375,rc_send,
1790346814.3428442,rc_send,
1790346814.4446952,rc_send,
1790346814.5465052,rc_send,
1790346814.6467853,rc_send,
1790346814.749554,rc_send,
1790346814.8511827,rc_send,
1790346814.95118,rc_send,
1790346815.0558546,rc_send,
1790346815.1576414,rc_send,
1790346815.257775,rc_send,
1790346815.35918,rc_send,
1790346815.460855,rc_send,
1790346815.567808,rc_send,
1790346815.670423,rc_send,
1790346815.7707133,rc_send,
1790346815.870937,rc_send,
1790346815.9737837,rc_send,
1790346816.0796204,rc_send,
1790346816.1799278,rc_send,
1790346816.282824,rc_send,
1790346816.392499,rc_send,
1790346816.49615,rc_send,
1790346816.5966241,rc_send,
1790346816.6967654,rc_send,
1790346816.7992227,rc_send,
1790346816.9015121,rc_send,
1790346817.0028136,rc_send,
1790346817.1028209,rc_send,
1790346817.204675,rc_send,
1790346817.307044,rc_send,
1790346817.410879,rc_send,
1790346817.5122638,rc_send,
1790346817.6146102,rc_send,
1790346817.7172968,rc_send,
1790346817.7619696,llm_explanation,4024.5881999999256
1790346817.8223383,rc_send,
1790346817.8842986,llm_explanation,2158.2306000000244
1790346817.982723,rc_send,
1790346818.1060576,rc_send,
1790346818.2229888,rc_send,
1790346818.3381667,rc_send,
1790346818.4400203,rc_send,
1790346818.542008,rc_send,
1790346818.644118,rc_send,
1790346818.7458863,rc_send,
1790346818.846454,rc_send,
1790346818.947256,rc_send,
1790346819.0809824,rc_send,
1790346819.1900778,rc_send,
1790346819.290382,rc_send,
1790346819.4126182,rc_send,
1790346819.5199637,rc_send,
1790346819.6247087,rc_send,
1790346819.7440102,rc_send,
1790346819.8478885,rc_send,
1790346819.9476821,rc_send,
1790346820.0925624,rc_send,
1790346820.199017,rc_send,
1790346820.3039114,rc_send,
1790346820.4254825,rc_send,
1790346820.5271964,rc_send,
1790346820.6274834,rc_send,
1790346820.6763313,llm_explanation,2799.9697000000197
1790346820.7547362,rc_send,
1790346820.8547277,rc_send,
1790346820.9574487,rc_send,
1790346821.08578,rc_send,
1790346821.1861942,rc_send,
1790346821.2903063,rc_send,
1790346821.3904898,rc_send,
1790346821.4920628,rc_send,
1790346821.5954263,rc_send,
1790346821.6991994,rc_send,
1790346821.7992704,rc_send,
1790346821.9022243,rc_send,
1790346822.0049963,rc_send,
1790346822.1083047,rc_send,
1790346822.2105806,rc_send,
1790346822.3121948,rc_send,
1790346822.4155862,rc_send,
1790346822.5172493,rc_send,
1790346822.6182644,rc_send,
1790346822.7198513,rc_send,
1790346822.8221374,rc_send,
1790346822.9245129,rc_send,
1790346823.0258698,rc_send,
1790346823.1263368,rc_send,
1790346823.2258465,rc_send,
1790346823.3287067,rc_send,
1790346823.4308991,rc_send,
1790346823.5597863,llm_explanation,2762.8546000000824
1790346823.5702279,rc_send,
1790346823.6948211,rc_send,
1790346823.8264725,rc_send,
1790346823.9279542,rc_send,
1790346824.0310113,rc_send,
1790346824.1344333,rc_send,
1790346824.2589247,rc_send,
1790346824.3617995,rc_send,
1790346824.4098747,llm_explanation,983.6351999997532
1790346824.4634638,rc_send,
1790346824.5851657,rc_send,
1790346824.685688,rc_send,
1790346824.8136628,rc_send,
1790346824.9177246,rc_send,
1790346825.018559,rc_send,
1790346825.157823,rc_send,
1790346825.2861464,rc_send,
1790346825.3893464,rc_send,
1790346825.4938688,rc_send,
1790346825.614425,rc_send,
1790346825.7210894,rc_send,
1790346825.8554444,rc_send,
1790346825.9617147,rc_send,
1790346826.062827,rc_send,
1790346826.1658206,rc_send,
1790346826.299294,rc_send,
1790346826.3993964,rc_send,
1790346826.5024605,rc_send,
1790346826.6096866,rc_send,
1790346826.7115896,rc_send,
1790346826.8124607,rc_send,
1790346826.913934,rc_send,
1790346827.061219,rc_send,
1790346827.1659224,rc_send,
1790346827.2760088,rc_send,
1790346827.3844464,rc_send,
1790346827.4852889,rc_send,
1790346827.6113307,rc_send,
1790346827.7181811,rc_send,
1790346827.8614116,rc_send,
1790346827.9630263,rc_send,
1790346828.0647464,rc_send,
1790346828.1648898,rc_send,
1790346828.2771504,rc_send,
1790346828.3864028,rc_send,
1790346828.4343984,llm_explanation,4024.7277000003123
1790346828.4868627,rc_send,
1790346828.6142545,rc_send,
1790346828.7222595,rc_send,
1790346828.859931,rc_send,
1790346828.9619179,rc_send,
1790346829.063447,rc_send,
1790346829.165531,rc_send,
1790346829.2781143,rc_send,
1790346829.3844712,rc_send,
1790346829.486013,rc_send,
1790346829.614343,rc_send,
1790346829.72831,rc_send,
1790346829.860008,rc_send,
1790346829.9610736,rc_send,
1790346830.067395,rc_send,
1790346830.1680474,rc_send,
1790346830.293604,rc_send,
1790346830.434121,rc_send,
1790346830.5532386,rc_send,
1790346830.6581175,rc_send,
1790346830.7741516,rc_send,
1790346830.8770463,rc_send,
1790346831.0423946,rc_send,
1790346831.1425104,rc_send,
1790346831.2626998,rc_send,
1790346831.366659,rc_send,
1790346831.5058496,rc_send,
1790346831.6400151,rc_send,
1790346831.7974613,rc_send,
1790346831.9026694,rc_send,
1790346832.0205925,rc_send,
1790346832.1347466,rc_send,
1790346832.2636998,rc_send,
1790346832.3777432,rc_send,
1790346832.4819374,rc_send,
1790346832.5926006,rc_send,
1790346832.7057831,rc_send,
1790346832.806192,rc_send,
1790346832.9099557,rc_send,
1790346833.0341382,rc_send,
1790346833.154325,rc_send,
1790346833.2556849,rc_send,
1790346833.3670762,rc_send,
1790346833.467741,rc_send,
1790346833.56814,rc_send,
1790346833.6728578,rc_send,
1790346833.7758377,rc_send,
1790346833.877111,rc_send,
1790346833.9773986,rc_send,
1790346834.0787046,rc_send,
1790346834.2200587,rc_send,
1790346834.342671,rc_send,
1790346834.4599612,rc_send,
1790346834.5682003,rc_send,
1790346834.6825764,rc_send,
1790346834.821009,rc_send,
1790346834.9220152,rc_send,
1790346835.0225372,rc_send,
1790346835.123024,rc_send,
1790346835.2256756,rc_send,
1790346835.3267362,rc_send,
1790346835.4269533,rc_send,
1790346835.5289066,rc_send,
1790346835.6286757,rc_send,
1790346835.7336273,rc_send,
1790346835.9275444,rc_send,
1790346836.04726,rc_send,
1790346836.1497362,rc_send,
1790346836.2546053,rc_send,
1790346836.3957522,rc_send,
1790346836.4967701,rc_send,
1790346836.599265,rc_send,
1790346836.702482,rc_send,
1790346836.804655,rc_send,
1790346836.9063842,rc_send,
1790346837.0091114,rc_send,
1790346837.1213796,rc_send,
1790346837.2241707,rc_send,
1790346837.325643,rc_send,
1790346837.4271724,rc_send,
1790346837.539703,rc_send,
1790346837.6730077,rc_send,
1790346837.7862542,rc_send,
1790346837.9116633,rc_send,
1790346838.0206733,rc_send,
1790346838.1433444,rc_send,
1790346838.2437134,rc_send,
1790346838.3579166,rc_send,
1790346838.3884437,llm_explanation,1903.748799999903
1790346838.4601023,rc_send,
1790346838.564582,rc_send,
1790346838.6655233,rc_send,
1790346838.8032756,rc_send,
1790346838.9049356,rc_send,
1790346839.0340784,rc_send,
1790346839.1402652,rc_send,
1790346839.241044,rc_send,
1790346839.3592207,rc_send,
1790346839.4613955,rc_send,
1790346839.5618105,rc_send,
1790346839.6633081,rc_send,
1790346839.7752807,rc_send,
1790346839.8961906,rc_send,
1790346839.9988885,rc_send,
1790346840.1151872,rc_send,
1790346840.1611013,llm_explanation,1749.3999000002987
1790346840.2634041,rc_send,
1790346840.3733513,rc_send,
1790346840.483279,rc_send,
1790346840.5856802,rc_send,
1790346840.7246685,rc_send,
1790346840.8256552,rc_send,
1790346840.927674,rc_send,
1790346841.030598,rc_send,
1790346841.1306674,rc_send,
1790346841.2335243,rc_send,
1790346841.337554,rc_send,
1790346841.4481714,rc_send,
1790346841.5547054,rc_send,
1790346841.6865695,rc_send,
1790346841.8068173,rc_send,
1790346841.908601,rc_send,
1790346842.0386558,rc_send,
1790346842.1543715,rc_send,
1790346842.3029609,rc_send,
1790346842.4039931,rc_send,
1790346842.5069444,rc_send,
1790346842.6068764,rc_send,
1790346842.7075963,rc_send,
1790346842.8084362,rc_send,
1790346842.9127653,rc_send,
1790346843.0162475,rc_send,
1790346843.1168723,rc_send,
1790346843.2173078,rc_send,
1790346843.317468,rc_send,
1790346843.418798,rc_send,
1790346843.5212228,rc_send,
1790346843.6213453,rc_send,
1790346843.723545,rc_send,
1790346843.8269608,rc_send,
1790346843.9271047,rc_send,
1790346844.0292091,rc_send,
1790346844.1411085,rc_send,
1790346844.2429194,rc_send,
1790346844.3432212,rc_send,
1790346844.445478,rc_send,
1790346844.5502322,rc_send,
1790346844.6494172,rc_send,
1790346844.7510107,rc_send,
1790346844.8533874,rc_send,
1790346844.9573178,rc_send,
1790346845.0572782,rc_send,
1790346845.160219,rc_send,
1790346845.1871486,llm_explanation,4005.2983999999014
1790346845.2606955,rc_send,
1790346845.3612626,rc_send,
1790346845.4620824,rc_send,
1790346845.5621574,rc_send,
1790346845.6641762,rc_send,
1790346845.764471,rc_send,
1790346845.86477,rc_send,
1790346845.9672968,rc_send,
1790346846.0704525,rc_send,
1790346846.1704645,rc_send,
1790346846.2739112,rc_send,
1790346846.375108,rc_send,
1790346846.4753044,rc_send,
1790346846.5769086,rc_send,
1790346846.6796935,rc_send,
1790346846.7811382,rc_send,
1790346846.8833802,rc_send,
1790346846.9844787,rc_send,
1790346847.0648484,video_reopen,
1790346847.0861614,rc_send,
1790346847.186695,rc_send,
1790346847.2909431,rc_send,
1790346847.393703,rc_send,
1790346847.4957564,rc_send,
1790346847.5960577,rc_send,
1790346847.6973913,rc_send,
1790346847.8009155,rc_send,
1790346847.9031196,rc_send,
1790346848.00493,rc_send,
1790346848.1089087,rc_send,
1790346848.2114706,rc_send,
1790346848.3130574,rc_send,
1790346848.4148648,rc_send,
1790346848.5170488,rc_send,
1790346848.6210058,rc_send,
1790346848.7225862,rc_send,
1790346848.8249624,rc_send,
1790346848.9266903,rc_send,
1790346849.0286925,rc_send,
1790346849.1304111,rc_send,
1790346849.2304237,rc_send,
1790346849.3317678,rc_send,
1790346849.4328954,rc_send,
1790346849.534404,rc_send,
1790346849.638011,rc_send,
1790346849.73924,rc_send,
1790346849.8399363,rc_send,
1790346849.9425173,rc_send,
1790346850.0461674,rc_send,
1790346850.146953,rc_send,
1790346850.1678975,video_reopen,
1790346850.247196,rc_send,
1790346850.3499212,rc_send,
1790346850.4530892,rc_send,
1790346850.5538123,rc_send,
1790346850.6545444,rc_send,
1790346850.7554727,rc_send,
1790346850.8577566,rc_send,
1790346850.959353,rc_send,
1790346851.0593646,rc_send,
1790346851.1606684,rc_send,
1790346851.2652056,rc_send,
1790346851.3662171,rc_send,
1790346851.467361,rc_send,
1790346851.568599,rc_send,
1790346851.6693313,rc_send,
1790346851.7702365,rc_send,
1790346851.8710585,rc_send,
1790346851.9736705,rc_send,
1790346852.0772855,rc_send,
1790346852.1789243,rc_send,
1790346852.2801023,rc_send,
1790346852.3817308,rc_send,
1790346852.4823942,rc_send,
1790346852.5828028,rc_send,
1790346852.6841648,rc_send,
1790346852.7842138,rc_send,
1790346852.8875947,rc_send,
1790346852.9912822,rc_send,
1790346853.091905,rc_send,
1790346853.19414,rc_send,
1790346853.2950919,rc_send,
1790346853.3422475,video_reopen,
1790346853.3961296,rc_send,
1790346853.5003214,rc_send,
1790346853.6040442,rc_send,
1790346853.7053516,rc_send,
1790346853.807134,rc_send,
1790346853.9103792,rc_send,
1790346854.0111794,rc_send,
1790346854.1121693,rc_send,
1790346854.2129014,rc_send,
1790346854.3174884,rc_send,
1790346854.418186,rc_send,
1790346854.5199482,rc_send,
1790346854.6202886,rc_send,
1790346854.723015,rc_send,
1790346854.823749,rc_send,
1790346854.927921,rc_send,
1790346855.0282874,rc_send,
1790346855.1320157,rc_send,
1790346855.234705,rc_send,
1790346855.3354669,rc_send,
1790346855.4365945,rc_send,
1790346855.5382893,rc_send,
1790346855.6390615,rc_send,
1790346855.7391195,rc_send,
1790346855.840074,rc_send,
1790346855.9407763,rc_send,
1790346856.042269,rc_send,
1790346856.1440287,rc_send,
1790346856.2445629,rc_send,
1790346856.3502824,rc_send,
1790346856.454016,rc_send,
1790346856.519839,video_reopen,
1790346856.5543523,rc_send,
1790346856.6581674,rc_send,
1790346856.7589297,rc_send,
1790346856.859812,rc_send,
1790346856.9625397,rc_send,
1790346857.0646462,rc_send,
1790346857.1676016,rc_send,
1790346857.268151,rc_send,
1790346857.3694608,rc_send,
1790346857.4709315,rc_send,
1790346857.5736623,rc_send,
1790346857.6755207,rc_send,
1790346857.7769127,rc_send,
1790346857.8781857,rc_send,
1790346857.979728,rc_send,
1790346858.0801373,rc_send,
1790346858.1808376,rc_send,
1790346858.2860398,rc_send,
1790346858.386909,rc_send,
1790346858.4892533,rc_send,
1790346858.5920112,rc_send,
1790346858.6939526,rc_send,
1790346858.7954812,rc_send,
1790346858.8979437,rc_send,
1790346858.9995213,rc_send,
1790346859.1000912,rc_send,
1790346859.2018678,rc_send,
1790346859.3024237,rc_send,
1790346859.4031327,rc_send,
1790346859.5041387,rc_send,
1790346859.607409,rc_send,
1790346859.7102323,rc_send,
1790346859.8103871,rc_send,
1790346859.9121227,rc_send,
1790346860.0154817,rc_send,
1790346860.1147416,rc_send,
1790346860.2164907,rc_send,
1790346860.3190258,rc_send,
1790346860.4227867,rc_send,
1790346860.5262716,rc_send,
1790346860.628659,rc_send,
1790346860.7308164,rc_send,
1790346860.8330252,rc_send,
1790346860.9329805,rc_send,
1790346861.0349212,rc_send,
1790346861.1368978,rc_send,
1790346861.2406206,rc_send,
1790346861.3438962,rc_send,
1790346861.448853,rc_send,
1790346861.5511224,rc_send,
1790346861.651302,rc_send,
1790346861.7528,rc_send,
1790346861.857051,rc_send,
1790346861.9656365,rc_send,
1790346862.0735714,rc_send,
1790346862.1810699,rc_send,
1790346862.2906182,rc_send,
1790346862.397697,rc_send,
1790346862.5069833,rc_send,
1790346862.6136315,rc_send,
1790346862.7220042,rc_send,
1790346862.8285534,rc_send,
1790346862.9365802,rc_send,
1790346863.0445101,rc_send,
1790346863.1523438,rc_send,
1790346863.2606094,rc_send,
1790346863.3625257,rc_send,
1790346863.4628377,rc_send,
1790346863.571515,rc_send,
1790346863.6798146,rc_send,
1790346863.7395737,llm_explanation,1887.5026999999136
1790346863.8223565,rc_send,
1790346863.948693,rc_send,
1790346864.0637786,rc_send,
1790346864.1744924,rc_send,
1790346864.2769368,rc_send,
1790346864.3827603,rc_send,
1790346864.484071,rc_send,
1790346864.6175795,rc_send,
1790346864.717608,rc_send,
1790346864.819382,rc_send,
1790346864.9519262,rc_send,
1790346865.0538764,rc_send,
1790346865.153232,rc_send,
1790346865.278757,rc_send,
1790346865.3857543,rc_send,
1790346865.48693,rc_send,
1790346865.6131883,rc_send,
1790346865.7150445,rc_send,
1790346865.8185318,rc_send,
1790346865.9504848,rc_send,
1790346866.0520515,rc_send,
1790346866.1521509,rc_send,
1790346866.2806058,rc_send,
1790346866.3828857,rc_send,
1790346866.4846022,rc_send,
1790346866.6251626,rc_send,
1790346866.728022,rc_send,
1790346866.8297856,rc_send,
1790346866.9539068,rc_send,
1790346867.0537791,rc_send,
1790346867.1553807,rc_send,
1790346867.28247,rc_send,
1790346867.3876445,rc_send,
1790346867.5183358,rc_send,
1790346867.6244736,rc_send,
1790346867.7272172,rc_send,
1790346867.7863255,llm_explanation,4008.048100000451
1790346867.8564413,rc_send,
1790346867.9614089,rc_send,
1790346868.0638468,rc_send,
1790346868.1750836,rc_send,
1790346868.285678,rc_send,
1790346868.3857589,rc_send,
1790346868.5114048,rc_send,
1790346868.622079,rc_send,
1790346868.7243125,rc_send,
1790346868.84679,rc_send,
1790346868.9754953,rc_send,
1790346869.0799668,rc_send,
1790346869.1813931,rc_send,
1790346869.2862802,rc_send,
1790346869.4006133,rc_send,
1790346869.5445447,rc_send,
1790346869.7111928,rc_send,
1790346869.813264,rc_send,
1790346869.9479918,rc_send,
1790346870.0529244,rc_send,
1790346870.1896267,rc_send,
1790346870.2904549,rc_send,
1790346870.392049,rc_send,
1790346870.5515182,rc_send,
1790346870.6821737,llm_explanation,2892.6449000000503
1790346870.690366,rc_send,
1790346870.7922955,rc_send,
1790346870.8941317,rc_send,
1790346870.9947772,rc_send,
1790346871.0958953,rc_send,
1790346871.1985204,rc_send,
1790346871.3154018,rc_send,
1790346871.4201994,rc_send,
1790346871.522368,rc_send,
1790346871.6456728,rc_send,
1790346871.751422,rc_send,
1790346871.9164567,rc_send,
1790346872.016961,rc_send,
1790346872.1359003,rc_send,
1790346872.2456617,rc_send,
1790346872.3477287,rc_send,
1790346872.4525907,rc_send,
1790346872.5723038,rc_send,
1790346872.6984878,rc_send,
1790346872.8331192,rc_send,
1790346872.96426,rc_send,
1790346873.0894656,rc_send,
1790346873.2341964,rc_send,
1790346873.3710318,rc_send,
1790346873.4801574,rc_send,
1790346873.6253965,rc_send,
1790346873.759537,rc_send,
1790346873.8814144,rc_send,
1790346874.0273485,rc_send,
1790346874.132835,rc_send,
1790346874.2451203,rc_send,
1790346874.3446624,rc_send,
1790346874.4632201,rc_send,
1790346874.57339,rc_send,
1790346874.705107,llm_explanation,4014.9993000004542
1790346874.7149956,rc_send,
1790346874.8310835,rc_send,
1790346874.9423382,rc_send,
1790346875.0529218,rc_send,
1790346875.182301,rc_send,
1790346875.2899742,rc_send,
1790346875.3911815,rc_send,
1790346875.515535,rc_send,
1790346875.6237087,rc_send,
1790346875.7290187,rc_send,
1790346875.8497238,rc_send,
1790346875.9502919,rc_send,
1790346876.0527425,rc_send,
1790346876.1832483,rc_send,
1790346876.3305047,rc_send,
1790346876.4710708,rc_send,
1790346876.6349435,rc_send,
1790346876.7819648,rc_send,
1790346876.8908558,rc_send,
1790346877.0490031,rc_send,
1790346877.204868,rc_send,
1790346877.305694,rc_send,
1790346885.4551575,llm_explanation,1262.147399999776
1790346889.5081344,llm_explanation,4027.977299999293
1790346899.8289626,rc_send,
1790346899.9345846,llm_explanation,2389.342599999509
1790346899.9445567,rc_send,
1790346900.0527532,rc_send,
1790346900.1538699,rc_send,
1790346900.2543552,rc_send,
1790346900.3745925,rc_send,
1790346900.4786658,rc_send,
1790346900.5901914,rc_send,
1790346900.704509,rc_send,
1790346900.806083,rc_send,
1790346900.9654791,rc_send,
1790346901.1095612,rc_send,
1790346901.258877,rc_send,
1790346901.397863,rc_send,
1790346901.5006483,rc_send,
1790346901.6124535,rc_send,
1790346901.719694,rc_send,
1790346901.8209317,rc_send,
1790346901.951146,rc_send,
1790346902.0544188,rc_send,
1790346902.1572142,rc_send,
1790346902.277971,rc_send,
1790346902.3833654,rc_send,
1790346902.483962,rc_send,
1790346902.6117172,rc_send,
1790346902.7311502,rc_send,
1790346902.8463337,rc_send,
1790346902.956644,rc_send,
1790346903.0121827,llm_explanation,3092.8562999997666
1790346903.1339195,rc_send,
1790346903.2796016,rc_send,
1790346903.4365768,rc_send,
1790346903.5490015,rc_send,
1790346903.6737494,rc_send,
1790346903.8327966,rc_send,
1790346903.9487746,rc_send,
1790346904.1118224,rc_send,
1790346904.2472298,rc_send,
1790346904.351203,rc_send,
1790346904.4736845,rc_send,
1790346904.5743685,rc_send,
1790346904.705708,rc_send,
1790346904.8283296,rc_send,
1790346904.9521997,rc_send,
1790346905.1107872,rc_send,
1790346905.2607894,rc_send,
1790346905.3831096,rc_send,
1790346905.4907136,rc_send,
1790346905.6100836,rc_send,
1790346905.7493837,rc_send,
1790346905.859845,rc_send,
1790346906.0281994,rc_send,
1790346906.1298587,rc_send,
1790346906.2377076,rc_send,
1790346906.3403816,rc_send,
1790346906.4641325,rc_send,
1790346906.578517,rc_send,
1790346906.7285998,rc_send,
1790346906.8300438,rc_send,
1790346906.9740422,rc_send,
1790346907.0535362,llm_explanation,4008.3656999995583
1790346907.0785542,rc_send,
1790346907.2264547,rc_send,
1790346907.3265483,rc_send,
1790346907.4690742,rc_send,
1790346907.648479,rc_send,
1790346907.753664,rc_send,
1790346907.9124026,rc_send,
1790346908.023795,rc_send,
1790346908.1926389,rc_send,
1790346908.292894,rc_send,
1790346908.4262428,rc_send,
1790346908.5322573,rc_send,
1790346908.6875198,rc_send,
1790346908.8563545,rc_send,
1790346908.971495,rc_send,
1790346909.1357083,rc_send,
1790346909.2499774,rc_send,
1790346909.3765507,rc_send,
1790346909.546607,rc_send,
1790346909.6587608,rc_send,
1790346909.7856224,rc_send,
1790346909.903333,rc_send,
1790346910.0283515,rc_send,
1790346910.1316137,rc_send,
1790346910.2316203,rc_send,
1790346910.3762703,rc_send,
1790346910.5483024,rc_send,
1790346910.6590903,rc_send,
1790346910.7678845,rc_send,
1790346910.873274,rc_send,
1790346910.9791489,rc_send,
1790346911.082827,rc_send,
1790346911.1838613,rc_send,
1790346911.2892447,rc_send,
1790346911.3914514,rc_send,
1790346911.516172,rc_send,
1790346911.6310716,rc_send,
1790346911.7319357,rc_send,
1790346911.871936,rc_send,
1790346911.9858847,rc_send,
1790346912.1460397,rc_send,
1790346912.2741718,rc_send,
1790346912.3850718,rc_send,
1790346912.4917119,rc_send,
1790346912.6549306,rc_send,
1790346912.827152,rc_send,
1790346912.931495,rc_send,
1790346913.0485961,rc_send,
1790346913.1678915,rc_send,
1790346913.292566,rc_send,
1790346913.4056623,rc_send,
1790346913.50861,rc_send,
1790346913.6119022,rc_send,
1790346913.7165349,rc_send,
1790346913.8309333,rc_send,
1790346913.9791195,rc_send,
1790346914.1036863,rc_send,
1790346914.2070584,rc_send,
1790346914.3300312,rc_send,
1790346914.4443967,rc_send,
1790346914.5843308,rc_send,
1790346914.6870723,rc_send,
1790346914.7959862,rc_send,
1790346914.89537,rc_send,
1790346914.9971542,rc_send,
1790346915.108022,rc_send,
1790346915.2103333,rc_send,
1790346915.3125782,rc_send,
1790346915.4737651,rc_send,
1790346915.5887835,rc_send,
1790346915.6900916,rc_send,
1790346915.79307,rc_send,
1790346915.8931003,rc_send,
1790346916.0010924,rc_send,
1790346916.1170807,rc_send,
1790346916.2571304,rc_send,
1790346916.3590436,rc_send,
1790346916.4662209,rc_send,
1790346916.584433,rc_send,
1790346916.6885507,rc_send,
1790346916.7895844,rc_send,
1790346916.897469,rc_send,
1790346917.015584,rc_send,
1790346917.117808,rc_send,
1790346917.2505136,rc_send,
1790346917.3816023,rc_send,
1790346917.5029242,rc_send,
1790346917.670919,rc_send,
1790346917.8052442,rc_send,
1790346917.9296777,rc_send,
1790346918.0575483,rc_send,
1790346918.1765568,rc_send,
1790346918.308551,rc_send,
1790346918.4276829,rc_send,
1790346918.5605516,rc_send,
1790346918.6817272,rc_send,
1790346918.8400104,rc_send,
1790346918.9711418,rc_send,
1790346919.081127,rc_send,
1790346919.2072854,rc_send,
1790346919.3329246,rc_send,
1790346919.46323,rc_send,
1790346919.5839434,rc_send,
1790346919.7272696,rc_send,
1790346919.86237,rc_send,
1790346920.0007193,rc_send,
1790346920.1632078,rc_send,
1790346920.2912378,rc_send,
1790346920.4098399,rc_send,
1790346920.5418053,rc_send,
1790346920.6682594,rc_send,
1790346920.7999241,rc_send,
1790346920.915725,rc_send,
1790346921.0425556,rc_send,
1790346921.1642473,rc_send,
1790346921.3023,rc_send,
1790346921.4222658,rc_send,
1790346921.548758,rc_send,
1790346921.6724887,rc_send,
1790346921.8402696,rc_send,
1790346921.9774442,rc_send,
1790346922.119456,rc_send,
1790346922.2398958,rc_send,
1790346922.3736236,rc_send,
1790346922.5083427,rc_send,
1790346922.6691253,rc_send,
1790346922.7720408,rc_send,
1790346922.8732748,rc_send,
1790346922.975958,rc_send,
1790346923.0478492,llm_explanation,3695.459999999912
1790346923.0765133,rc_send,
1790346923.1930935,rc_send,
1790346923.359521,rc_send,
1790346923.5192244,rc_send,
1790346923.6692345,rc_send,
1790346923.7694273,rc_send,
1790346923.8865423,rc_send,
1790346924.0492723,rc_send,
1790346924.150683,rc_send,
1790346924.268538,rc_send,
1790346924.3724961,rc_send,
1790346924.499125,rc_send,
1790346924.6018882,rc_send,
1790346924.7277966,rc_send,
1790346924.8635714,rc_send,
1790346925.0135202,rc_send,
1790346925.1978076,rc_send,
1790346925.3349593,rc_send,
1790346925.4669712,rc_send,
1790346925.5882974,rc_send,
1790346925.717751,rc_send,
1790346925.8477569,rc_send,
1790346925.9819791,rc_send,
1790346926.107904,rc_send,
1790346926.2360077,llm_explanation,3418.643500000144
1790346926.246507,rc_send,
1790346926.4920676,rc_send,
1790346926.6381683,rc_send,
1790346926.7552862,rc_send,
1790346926.9375465,rc_send,
1790346927.0427532,rc_send,
1790346927.2068355,rc_send,
1790346927.3495848,rc_send,
1790346927.45627,rc_send,
1790346927.6240082,rc_send,
1790346927.7249346,rc_send,
1790346927.8279376,rc_send,
1790346927.929333,rc_send,
1790346928.0318685,rc_send,
1790346928.135566,rc_send,
1790346928.2538924,rc_send,
1790346928.3634791,rc_send,
1790346928.4856198,rc_send,
1790346928.595379,rc_send,
1790346928.72758,rc_send,
1790346928.8337133,rc_send,
1790346928.948654,rc_send,
1790346929.139329,rc_send,
1790346929.38748,rc_send,
1790346929.5314584,rc_send,
1790346929.6647563,rc_send,
1790346929.7984912,rc_send,
1790346929.9519076,rc_send,
1790346930.0820289,rc_send,
1790346930.2095375,llm_explanation,4018.7448999995468
1790346930.220523,rc_send,
1790346930.365742,rc_send,
1790346930.5009382,rc_send,
1790346930.628471,rc_send,
1790346930.8416722,rc_send,
1790346931.0789857,rc_send,
1790346931.2021413,rc_send,
1790346931.318492,rc_send,
1790346931.4310048,rc_send,
1790346931.5376403,rc_send,
1790346931.6525457,rc_send,
1790346931.7792633,rc_send,
1790346931.880671,rc_send,
1790346931.9825652,rc_send,
1790346932.0955036,rc_send,
1790346932.219631,rc_send,
1790346932.334884,rc_send,
1790346932.4402864,rc_send,
1790346932.5589411,rc_send,
1790346932.663016,rc_send,
1790346932.7799878,rc_send,
1790346932.8794196,rc_send,
1790346933.0236268,rc_send,
1790346933.1340232,rc_send,
1790346933.2863657,rc_send,
1790346933.397275,rc_send,
1790346933.5515113,rc_send,
1790346933.6547132,rc_send,
1790346933.7629812,llm_explanation,3582.513199999994
1790346933.7726314,rc_send,
1790346933.8777938,rc_send,
1790346934.002682,rc_send,
1790346934.1082582,rc_send,
1790346934.2135887,rc_send,
1790346934.322619,rc_send,
1790346934.4265487,rc_send,
1790346934.5451748,rc_send,
1790346934.6523957,rc_send,
1790346934.7531195,rc_send,
1790346934.8767672,rc_send,
1790346934.9824507,rc_send,
1790346935.0824742,rc_send,
1790346935.2106278,rc_send,
1790346935.3140776,rc_send,
1790346935.4135377,rc_send,
1790346935.5405679,rc_send,
1790346935.6448605,rc_send,
1790346935.7794998,rc_send,
1790346935.8822975,rc_send,
1790346935.9827366,rc_send,
1790346936.110249,rc_send,
1790346936.2179031,rc_send,
1790346936.3189614,rc_send,
1790346936.4520087,rc_send,
1790346936.553313,rc_send,
1790346936.6214085,llm_explanation,2872.3471000002974
1790346936.6576357,rc_send,
1790346936.7874265,rc_send,
1790346936.8888886,rc_send,
1790346936.9897132,rc_send,
1790346937.1129258,rc_send,
1790346937.2172754,rc_send,
1790346937.3181627,rc_send,
1790346937.4438162,rc_send,
1790346937.5457532,rc_send,
1790346937.6537635,rc_send,
1790346937.7783878,rc_send,
1790346937.8873804,rc_send,
1790346937.9888763,rc_send,
1790346938.113349,rc_send,
1790346938.2157736,rc_send,
1790346938.2757988,llm_explanation,1642.6964000002044
1790346938.315978,rc_send,
1790346938.4692624,rc_send,
1790346938.572725,rc_send,
1790346938.7250655,rc_send,
1790346938.8277373,rc_send,
1790346938.967724,rc_send,
1790346939.0707476,rc_send,
1790346939.1708243,rc_send,
1790346939.305178,rc_send,
1790346939.4504495,rc_send,
1790346939.5511258,rc_send,
1790346939.6523957,rc_send,
1790346939.7837918,rc_send,
1790346939.8861907,rc_send,
1790346939.9884772,rc_send,
1790346940.1218567,rc_send,
1790346940.222471,rc_send,
1790346940.322976,rc_send,
1790346940.4454231,rc_send,
1790346940.4732509,llm_explanation,2191.1903999998685
1790346940.551983,rc_send,
1790346940.6537864,rc_send,
1790346940.8043983,rc_send,
1790346940.9052155,rc_send,
1790346941.0067205,rc_send,
1790346941.1349065,rc_send,
1790346941.239109,rc_send,
1790346941.3412812,rc_send,
1790346941.4558837,rc_send,
1790346941.5722826,rc_send,
1790346941.6746984,rc_send,
1790346941.7971003,rc_send,
1790346941.8981557,rc_send,
1790346942.0074108,rc_send,
1790346942.1234164,rc_send,
1790346942.2422304,rc_send,
1790346942.4029858,rc_send,
1790346942.511391,rc_send,
1790346942.611779,rc_send,
1790346942.7500248,rc_send,
1790346942.8934207,rc_send,
1790346943.0009315,llm_explanation,2508.9216999995188
1790346943.010937,rc_send,
1790346943.1133487,rc_send,
1790346943.2555144,rc_send,
1790346943.359206,rc_send,
1790346943.461689,rc_send,
1790346943.58217,rc_send,
1790346943.6870394,rc_send,
1790346943.787662,rc_send,
1790346943.8974311,rc_send,
1790346944.0096195,rc_send,
1790346944.143306,rc_send,
1790346944.2529902,rc_send,
1790346944.353597,rc_send,
1790346944.47861,rc_send,
1790346944.5869322,rc_send,
1790346944.6898944,rc_send,
1790346944.8111708,rc_send,
1790346944.917489,rc_send,
1790346945.0196013,rc_send,
1790346945.1429043,rc_send,
1790346945.250085,rc_send,
1790346945.3564053,rc_send,
1790346945.4778018,rc_send,
1790346945.583645,rc_send,
1790346945.6861005,rc_send,
1790346945.8155992,rc_send,
1790346945.9173772,rc_send,
1790346946.0175102,rc_send,
1790346946.1421092,rc_send,
1790346946.2538102,rc_send,
1790346946.3550158,rc_send,
1790346946.485913,rc_send,
1790346946.594958,rc_send,
1790346946.696213,rc_send,
1790346946.8112648,rc_send,
1790346946.9360116,rc_send,
1790346947.0013995,llm_explanation,4027.789299999313
1790346947.04463,rc_send,
1790346947.1457267,rc_send,
1790346947.2536604,rc_send,
1790346947.370684,rc_send,
1790346947.4713664,rc_send,
1790346947.5737784,rc_send,
1790346947.6812441,rc_send,
1790346947.803969,rc_send,
1790346947.9202347,rc_send,
1790346948.0385056,rc_send,
1790346948.1410148,rc_send,
1790346948.2413735,rc_send,
1790346948.350173,rc_send,
1790346948.470757,rc_send,
1790346948.6018429,rc_send,
1790346948.7281225,rc_send,
1790346948.8598177,rc_send,
1790346948.9638348,rc_send,
1790346949.0666516,rc_send,
1790346949.1699557,rc_send,
1790346949.272495,rc_send,
1790346949.376932,rc_send,
1790346949.4764943,rc_send,
1790346949.580005,rc_send,
1790346949.7211063,rc_send,
1790346949.8235922,rc_send,
1790346949.95366,rc_send,
1790346950.0608356,rc_send,
1790346950.1635585,rc_send,
1790346950.2787886,rc_send,
1790346950.380987,rc_send,
1790346950.4827845,rc_send,
1790346950.6128387,rc_send,
1790346950.7189882,rc_send,
1790346950.8213727,rc_send,
1790346950.9486754,rc_send,
1790346951.0593092,rc_send,
1790346951.1614234,rc_send,
1790346951.2839146,rc_send,
1790346951.3867471,rc_send,
1790346951.4888785,rc_send,
1790346951.6109042,rc_send,
1790346951.7230647,rc_send,
1790346951.824008,rc_send,
1790346951.9562213,rc_send,
1790346952.0618417,rc_send,
1790346952.1633308,rc_send,
1790346952.2759438,rc_send,
1790346952.3863592,rc_send,
1790346952.4888053,rc_send,
1790346952.60876,rc_send,
1790346952.7169485,rc_send,
1790346952.8550942,rc_send,
1790346952.960255,rc_send,
1790346953.061342,rc_send,
1790346953.1901317,rc_send,
1790346953.2922668,rc_send,
1790346953.3928537,rc_send,
1790346953.5183961,rc_send,
1790346953.619305,rc_send,
1790346953.719356,rc_send,
1790346953.852437,rc_send,
1790346953.9598644,rc_send,
1790346954.0592136,rc_send,
1790346954.1824324,rc_send,
1790346954.2844498,rc_send,
1790346954.3846092,rc_send,
1790346954.5200322,rc_send,
1790346954.6230037,rc_send,
1790346954.725905,rc_send,
1790346954.8573396,rc_send,
1790346954.9577982,rc_send,
1790346955.058446,rc_send,
1790346955.1858199,rc_send,
1790346955.2962513,rc_send,
1790346955.4005945,rc_send,
1790346955.5014968,rc_send,
1790346955.6222482,rc_send,
1790346955.7214723,rc_send,
1790346955.8517523,rc_send,
1790346955.959574,rc_send,
1790346956.0615091,rc_send,
1790346956.1817267,rc_send,
1790346956.2823732,rc_send,
1790346956.3849177,rc_send,
1790346956.5283995,rc_send,
1790346956.631052,rc_send,
1790346956.7306414,rc_send,
1790346956.850752,rc_send,
1790346956.9576597,rc_send,
1790346957.0605083,rc_send,
1790346957.1832519,rc_send,
1790346957.2850103,rc_send,
1790346957.421059,rc_send,
1790346957.5208216,rc_send,
1790346957.644049,rc_send,
1790346957.7503638,rc_send,
1790346957.8656766,rc_send,
1790346957.9715495,rc_send,
1790346958.0846076,rc_send,
1790346958.1850605,rc_send,
1790346958.2967994,rc_send,
1790346958.4060404,rc_send,
1790346958.5064535,rc_send,
1790346958.606386,rc_send,
1790346958.7065651,rc_send,
1790346958.8090386,rc_send,
1790346958.9135861,rc_send,
1790346959.015159,rc_send,
1790346959.1228056,rc_send,
1790346959.266887,rc_send,
1790346959.3687725,rc_send,
1790346959.497927,rc_send,
1790346959.5991406,rc_send,
1790346959.6998086,rc_send,
1790346959.8022175,rc_send,
1790346959.9035358,rc_send,
1790346960.041772,rc_send,
1790346960.1467876,rc_send,
1790346960.2851176,rc_send,
1790346960.395081,rc_send,
1790346960.533213,rc_send,
1790346960.6228597,llm_explanation,1612.1695000001637
1790346960.6486819,rc_send,
1790346960.7963636,rc_send,
1790346960.896593,rc_send,
1790346961.0325766,rc_send,
1790346961.1485682,rc_send,
1790346961.2846315,rc_send,
1790346961.3860712,rc_send,
1790346961.5143087,rc_send,
1790346961.6181061,rc_send,
1790346961.7195575,rc_send,
1790346961.8528783,rc_send,
1790346961.9540095,rc_send,
1790346962.0574026,rc_send,
1790346962.1871169,rc_send,
1790346962.2759597,llm_explanation,1631.1451000001398
1790346962.299144,rc_send,
1790346962.459351,rc_send,
1790346962.5598662,rc_send,
1790346962.6917784,rc_send,
1790346962.80884,rc_send,
1790346962.9394484,rc_send,
1790346963.043382,rc_send,
1790346963.1700196,rc_send,
1790346963.318818,rc_send,
1790346963.4219847,rc_send,
1790346963.522712,rc_send,
1790346963.624797,rc_send,
1790346963.7258778,rc_send,
1790346963.8260548,rc_send,
1790346963.9278421,rc_send,
1790346964.0297163,rc_send,
1790346964.1298869,rc_send,
1790346964.2331195,rc_send,
1790346964.3362973,rc_send,
1790346964.4363801,rc_send,
1790346964.5386257,rc_send,
1790346964.6388488,rc_send,
1790346964.7398496,rc_send,
1790346964.841793,rc_send,
1790346964.9429452,rc_send,
1790346965.0777915,rc_send,
1790346965.1807446,rc_send,
1790346965.294418,rc_send,
1790346965.4033177,rc_send,
1790346965.5231602,rc_send,
1790346965.6718295,rc_send,
1790346965.8195784,rc_send,
1790346965.94071,rc_send,
1790346966.0418074,rc_send,
1790346966.1693463,rc_send,
1790346966.2829297,llm_explanation,4013.019699999859
1790346966.291565,rc_send,
1790346966.4195583,rc_send,
1790346966.5486703,rc_send,
1790346966.660753,rc_send,
1790346966.775722,rc_send,
1790346966.875833,rc_send,
1790346966.9976225,rc_send,
1790346967.1010547,rc_send,
1790346967.2158482,rc_send,
1790346967.3266969,rc_send,
1790346967.4917452,rc_send,
1790346967.6150196,rc_send,
1790346967.7179694,rc_send,
1790346967.8243756,rc_send,
1790346967.9695082,rc_send,
1790346968.0705254,rc_send,
1790346968.2097197,rc_send,
1790346968.325234,rc_send,
1790346968.426077,rc_send,
1790346968.5259218,rc_send,
1790346968.6851594,rc_send,
1790346968.80966,rc_send,
1790346968.910212,rc_send,
1790346969.026919,rc_send,
1790346969.1312501,rc_send,
1790346969.233394,rc_send,
1790346969.341408,rc_send,
1790346969.5134668,rc_send,
1790346969.633412,rc_send,
1790346969.7518907,rc_send,
1790346969.8730035,rc_send,
1790346969.986191,rc_send,
1790346970.0894406,rc_send,
1790346970.2222044,rc_send,
1790346970.3331177,rc_send,
1790346970.4615743,rc_send,
1790346970.5777116,rc_send,
1790346970.7098148,rc_send,
1790346970.8353226,rc_send,
1790346970.958126,rc_send,
1790346971.0688264,rc_send,
1790346971.179417,rc_send,
1790346971.3045483,rc_send,
1790346971.4067957,rc_send,
1790346971.5324118,rc_send,
1790346971.6409292,rc_send,
1790346971.799256,rc_send,
1790346971.9168901,rc_send,
1790346972.0293982,rc_send,
1790346972.1906512,rc_send,
1790346972.3037813,rc_send,
1790346972.4042342,rc_send,
1790346972.5399756,rc_send,
1790346972.6608207,rc_send,
1790346972.7684038,rc_send,
1790346972.8973243,rc_send,
1790346973.0013468,rc_send,
1790346973.1174357,rc_send,
1790346973.222312,rc_send,
1790346973.3510592,rc_send,
1790346973.4660938,rc_send,
1790346973.5950189,rc_send,
1790346973.7235854,rc_send,
1790346973.8401964,rc_send,
1790346973.9458985,rc_send,
1790346974.0516024,rc_send,
1790346974.1805985,rc_send,
1790346974.3033953,rc_send,
1790346974.4309795,rc_send,
1790346974.5501668,rc_send,
1790346974.6843786,rc_send,
1790346974.7979362,rc_send,
1790346974.9038095,rc_send,
1790346975.0181746,rc_send,
1790346975.1202836,rc_send,
1790346975.2332883,rc_send,
1790346975.3552349,rc_send,
1790346975.4663413,rc_send,
1790346975.5700629,rc_send,
1790346975.693542,rc_send,
1790346975.7943923,rc_send,
1790346975.908327,rc_send,
1790346976.013925,rc_send,
1790346976.1242256,rc_send,
1790346976.2264402,rc_send,
1790346976.3563123,rc_send,
1790346976.4643524,rc_send,
1790346976.5903897,rc_send,
1790346976.7174728,rc_send,
1790346976.8296123,rc_send,
1790346977.0084777,rc_send,
1790346977.130539,rc_send,
1790346977.2361383,rc_send,
1790346977.3669913,rc_send,
1790346977.4757514,rc_send,
1790346977.5782957,rc_send,
1790346977.700359,rc_send,
1790346977.8039677,rc_send,
1790346977.9195163,rc_send,
1790346978.0236523,rc_send,
1790346978.1393516,rc_send,
1790346978.3198447,rc_send,
1790346978.4250884,rc_send,
1790346978.5629766,rc_send,
1790346978.6726487,rc_send,
1790346978.7884574,rc_send,
1790346978.9036157,rc_send,
1790346979.0366712,rc_send,
1790346979.139124,rc_send,
1790346979.246363,rc_send,
1790346979.378055,rc_send,
1790346979.4993253,rc_send,
1790346979.6095605,rc_send,
1790346979.7308629,rc_send,
1790346979.8320868,rc_send,
1790346979.934187,rc_send,
1790346980.0470088,rc_send,
1790346980.194637,rc_send,
1790346980.310267,rc_send,
1790346980.3944073,llm_explanation,2091.446999999789
1790346980.4774423,rc_send,
1790346980.5825803,rc_send,
1790346980.7406707,rc_send,
1790346980.8657968,rc_send,
1790346980.9678173,rc_send,
1790346981.0885246,rc_send,
1790346981.2301388,rc_send,
1790346981.3323216,rc_send,
1790346981.469407,rc_send,
1790346981.5900953,rc_send,
1790346981.7377079,rc_send,
1790346981.8601403,rc_send,
1790346981.9642506,rc_send,
1790346982.079416,rc_send,
1790346982.2305377,rc_send,
1790346982.3313963,rc_send,
1790346982.441807,rc_send,
1790346982.5625088,rc_send,
1790346982.6681182,rc_send,
1790346982.7731316,rc_send,
1790346982.8818102,rc_send,
1790346983.0534377,rc_send,
1790346983.1571608,rc_send,
1790346983.2786713,rc_send,
1790346983.418616,rc_send,
1790346983.534736,rc_send,
1790346983.6368291,rc_send,
1790346983.751792,rc_send,
1790346983.8648963,rc_send,
1790346983.9676192,rc_send,
1790346984.004707,llm_explanation,3591.6610000003857
1790346984.0898728,rc_send,
1790346984.194315,rc_send,
1790346984.296743,rc_send,
1790346984.4181654,rc_send,
1790346984.5336015,rc_send,
1790346984.6347945,rc_send,
1790346984.7487998,rc_send,
1790346984.8606715,rc_send,
1790346984.961852,rc_send,
1790346985.096237,rc_send,
1790346985.2032325,rc_send,
1790346985.3035324,rc_send,
1790346985.4194922,rc_send,
1790346985.5334742,rc_send,
1790346985.6357977,rc_send,
1790346985.747641,rc_send,
1790346985.854512,rc_send,
1790346985.954189,rc_send,
1790346986.0860136,rc_send,
1790346986.1960053,rc_send,
1790346986.2640646,llm_explanation,2276.6108999994685
1790346986.29806,rc_send,
1790346986.417664,rc_send,
1790346986.5317774,rc_send,
1790346986.6318512,rc_send,
1790346986.7594714,rc_send,
1790346986.8610198,rc_send,
1790346986.986293,rc_send,
1790346987.0879161,rc_send,
1790346987.1919947,rc_send,
1790346987.3118153,rc_send,
1790346987.4182382,rc_send,
1790346987.5226924,rc_send,
1790346987.6573122,rc_send,
1790346987.7724242,rc_send,
1790346987.871537,rc_send,
1790346987.9851556,rc_send,
1790346988.0864305,rc_send,
1790346988.1885593,rc_send,
1790346988.2891781,rc_send,
1790346988.3936024,rc_send,
1790346988.4964247,rc_send,
1790346988.6200075,rc_send,
1790346988.7277024,llm_explanation,2459.8471999997855
1790346988.7342765,rc_send,
1790346988.8367429,rc_send,
1790346988.9381697,rc_send,
1790346989.0770934,rc_send,
1790346989.1880605,rc_send,
1790346989.3247313,rc_send,
1790346989.4267771,rc_send,
1790346989.5294638,rc_send,
1790346989.654492,rc_send,
1790346989.7741468,rc_send,
1790346989.9293883,rc_send,
1790346990.0312626,rc_send,
1790346990.1752625,rc_send,
1790346990.2839735,rc_send,
1790346990.4216244,rc_send,
1790346990.5246243,rc_send,
1790346990.5907881,llm_explanation,1861.05039999984
1790346990.6753309,rc_send,
1790346990.7759302,rc_send,
1790346990.9198306,rc_send,
1790346991.0239954,rc_send,
1790346991.172803,rc_send,
1790346991.2746801,rc_send,
1790346991.3768792,rc_send,
1790346991.4779325,rc_send,
1790346991.6649523,rc_send,
1790346991.8414056,rc_send,
1790346992.0087414,rc_send,
1790346992.119236,rc_send,
1790346992.221713,rc_send,
1790346992.3245697,rc_send,
1790346992.4670107,rc_send,
1790346992.5807774,rc_send,
1790346992.7291007,rc_send,
1790346992.8297641,rc_send,
1790346992.9306056,rc_send,
1790346993.0308118,rc_send,
1790346993.1660373,rc_send,
1790346993.2701879,rc_send,
1790346993.3914218,llm_explanation,2776.276599999619
1790346993.3983364,rc_send,
1790346993.502415,rc_send,
1790346993.602542,rc_send,
1790346993.7256184,rc_send,
1790346993.8349369,rc_send,
1790346993.9944317,rc_send,
1790346994.1030185,rc_send,
1790346994.221002,rc_send,
1790346994.3208368,rc_send,
1790346994.4628804,rc_send,
1790346994.5805159,rc_send,
1790346994.7310307,rc_send,
1790346994.8335507,rc_send,
1790346994.935628,rc_send,
1790346995.0349348,rc_send,
1790346995.1666117,rc_send,
1790346995.2682905,rc_send,
1790346995.377003,rc_send,
1790346995.4771683,rc_send,
1790346995.5967677,rc_send,
1790346995.6965556,rc_send,
1790346995.7991016,rc_send,
1790346995.9434905,rc_send,
1790346996.054816,rc_send,
1790346996.2046309,rc_send,
1790346996.315434,rc_send,
1790346996.4594567,rc_send,
1790346996.5600083,rc_send,
1790346996.6616426,rc_send,
1790346996.7627773,rc_send,
1790346996.8646138,rc_send,
1790346996.9963162,rc_send,
1790346997.104801,rc_send,
1790346997.2600772,rc_send,
1790346997.3610618,rc_send,
1790346997.427177,llm_explanation,4015.9451999998055
1790346997.5095513,rc_send,
1790346997.6178699,rc_send,
1790346997.767129,rc_send,
1790346997.867364,rc_send,
1790346998.0076814,rc_send,
1790346998.1090543,rc_send,
1790346998.2114022,rc_send,
1790346998.3342218,rc_send,
1790346998.4387548,rc_send,
1790346998.589664,rc_send,
1790346998.6915267,rc_send,
1790346998.8373117,rc_send,
1790346998.9493277,rc_send,
1790346999.0916836,rc_send,
1790346999.2072334,rc_send,
1790346999.334994,rc_send,
1790346999.441884,rc_send,
1790346999.5908513,rc_send,
1790346999.6916652,rc_send,
1790346999.72875,llm_explanation,2291.354500000125
1790346999.8081567,rc_send,
1790346999.9526756,rc_send,
1790347000.0670476,rc_send,
1790347000.1911018,rc_send,
1790347000.3144956,rc_send,
1790347000.4760885,rc_send,
1790347000.5985203,rc_send,
1790347000.7005432,rc_send,
1790347000.8268027,rc_send,
1790347000.935608,rc_send,
1790347001.037948,rc_send,
1790347001.1655388,rc_send,
1790347001.2832901,rc_send,
1790347001.4264898,rc_send,
1790347001.5824473,rc_send,
1790347001.7425878,rc_send,
1790347001.894311,rc_send,
1790347002.0776055,rc_send,
1790347002.2373834,rc_send,
1790347002.4008837,rc_send,
1790347002.5593143,rc_send,
1790347002.6745827,rc_send,
1790347002.7812307,rc_send,
1790347002.9253588,rc_send,
1790347003.03098,rc_send,
1790347003.1324263,rc_send,
1790347003.2517629,rc_send,
1790347003.4103143,rc_send,
1790347003.5933955,rc_send,
1790347003.6880286,llm_explanation,4010.754900000393
1790347003.696176,rc_send,
1790347003.8091228,rc_send,
1790347003.9115431,rc_send,
1790347004.0227191,rc_send,
1790347004.1287181,rc_send,
1790347004.2809842,rc_send,
1790347004.388116,rc_send,
1790347004.4906082,rc_send,
1790347004.592611,rc_send,
1790347004.6929307,rc_send,
1790347004.8012083,rc_send,
1790347004.9106305,rc_send,
1790347005.0194955,rc_send,
1790347005.1342494,rc_send,
1790347005.2370217,rc_send,
1790347005.3435857,rc_send,
1790347005.4460242,rc_send,
1790347005.5489163,rc_send,
1790347005.6491427,rc_send,
1790347005.7495768,rc_send,
1790347005.850086,rc_send,
1790347005.987704,rc_send,
1790347006.1145442,rc_send,
1790347006.2171466,rc_send,
1790347006.3188941,rc_send,
1790347006.413669,llm_explanation,2694.6083000002545
1790347006.420335,rc_send,
1790347006.5271935,rc_send,
1790347006.6705482,rc_send,
1790347006.7895653,rc_send,
1790347006.8901966,rc_send,
1790347007.0169506,rc_send,
1790347007.1202252,rc_send,
1790347007.221104,rc_send,
1790347007.344665,rc_send,
1790347007.4514687,rc_send,
1790347007.5546877,rc_send,
1790347007.6820278,rc_send,
1790347007.7850814,rc_send,
1790347007.8843179,rc_send,
1790347007.984768,rc_send,
1790347008.1064212,rc_send,
1790347008.208577,rc_send,
1790347008.3080127,rc_send,
1790347008.4308012,llm_explanation,1978.7956999998642
1790347008.4373977,rc_send,
1790347008.538986,rc_send,
1790347008.6425815,rc_send,
1790347008.7450106,rc_send,
1790347008.8474562,rc_send,
1790347008.9494658,rc_send,
1790347009.053647,rc_send,
1790347009.1569433,rc_send,
1790347009.2582278,rc_send,
1790347012.4083767,llm_explanation,4029.375600000094
1790347014.3352993,llm_explanation,1936.9086999995488
1790347016.7059498,llm_explanation,2339.1639999999825
1790347019.135489,llm_explanation,2445.341099999496
1790347022.7407663,llm_explanation,3630.497099999957
1790347025.7387033,llm_explanation,2962.1127000000342
1790347035.0622554,llm_explanation,4028.3046000004106
1790347036.4060636,llm_explanation,1374.9918999992587
1790347040.4155056,llm_explanation,4015.595900000335
1790347043.408678,llm_explanation,2898.2725999994727
1790347046.7377148,llm_explanation,3395.821699999942
1790347049.3043108,llm_explanation,2555.960900000173
1790347053.31449,llm_explanation,4022.501899999952
1790347055.5741613,llm_explanation,2266.637200000332
1790347057.6672683,llm_explanation,2104.495499999757
1790347058.516722,llm_explanation,857.7444000002288
1790347061.4257681,llm_explanation,1933.740299999954
1790347064.4970067,video_reopen,
